product;category;quantity;discount;value;buy_date;is_holiday
Macarrão;Massas;10;0.25;95.01;2021-11-25;n
Chocolate;Doce;7;0.09;60.91;2020-03-18;n
Refrigerante;Bebida;3;0.42;46.47;2023-03-23;n
Cerveja;Bebida;9;0.49;42.19;2019-01-15;n
Sabão em Pó;Limpeza;8;0.25;71.26;2021-07-11;n
Feijão;Grãos;3;0.45;20.25;2023-06-06;n
Papel Higiênico;Higiene;10;0.24;5.83;2020-04-15;n
Biscoito;Lanche;8;0.37;93.67;2022-12-04;n
Condicionador;Higiene;5;0.47;44.23;2020-10-07;n
Papel Higiênico;Higiene;9;0.46;83.86;2020-06-23;n
Shampoo;Higiene;2;0.02;86.65;2023-03-01;n
Shampoo;Higiene;9;0.24;14.16;2019-05-12;n
Leite;Laticínio;9;0.16;53.45;2022-06-06;n
Detergente;Limpeza;10;0.35;45.78;2023-09-11;n
Cerveja;Bebida;1;0.15;18.39;2020-11-13;n
Detergente;Limpeza;5;0.02;20.77;2020-06-06;n
Macarrão;Massas;6;0.4;87.9;2020-05-13;n
Detergente;Limpeza;4;0.42;28.65;2021-09-24;n
Biscoito;Lanche;7;0.15;26.35;2022-02-26;n
Água Mineral;Bebida;1;0.26;8.41;2021-10-27;n
Cerveja;Bebida;7;0.12;50.55;2019-03-03;n
Cerveja;Bebida;5;0.35;77.63;2023-11-30;n
Shampoo;Higiene;5;0.0;25.04;2019-09-19;n
Feijão;Grãos;2;0.33;58.9;2019-11-11;n
Refrigerante;Bebida;5;0.42;6.21;2022-04-27;n
Condicionador;Higiene;5;0.35;7.77;2023-11-01;n
Queijo;Laticínio;10;0.02;8.52;2019-10-07;n
Cerveja;Bebida;1;0.27;54.97;2023-06-22;n
Biscoito;Lanche;2;0.34;61.67;2019-11-12;n
Arroz;Grãos;6;0.46;8.71;2022-01-20;n
Condicionador;Higiene;6;0.48;43.91;2021-10-25;n
Sabão em Pó;Limpeza;1;0.03;94.23;2023-02-17;n
Cerveja;Bebida;6;0.24;53.01;2019-03-04;n
Leite;Laticínio;4;0.11;99.94;2020-11-28;n
Pão de Forma;Padaria;5;0.13;85.39;2021-06-01;n
Papel Higiênico;Higiene;3;0.45;35.75;2023-04-23;n
Detergente;Limpeza;6;0.2;85.52;2022-07-31;n
Condicionador;Higiene;4;0.12;69.12;2020-05-30;n
Queijo;Laticínio;6;0.16;47.5;2021-01-01;n
Chocolate;Doce;2;0.12;15.11;2021-09-01;n
Papel Higiênico;Higiene;9;0.07;93.47;2020-02-02;n
Arroz;Grãos;9;0.21;39.13;2019-10-09;n
Macarrão;Massas;5;0.5;51.41;2021-03-15;n
Biscoito;Lanche;3;0.41;41.93;2019-01-17;n
Detergente;Limpeza;6;0.05;52.39;2021-12-17;n
Feijão;Grãos;3;0.06;46.97;2022-10-26;n
Pão de Forma;Padaria;8;0.46;34.59;2023-08-12;n
Queijo;Laticínio;1;0.46;65.29;2020-08-27;n
Shampoo;Higiene;4;0.48;27.65;2019-01-20;n
Molho de Tomate;Condimentos;9;0.29;95.04;2019-09-05;n
Sabão em Pó;Limpeza;6;0.1;83.36;2020-08-04;n
Biscoito;Lanche;3;0.15;23.18;2021-07-20;n
Shampoo;Higiene;10;0.48;18.27;2021-07-12;n
Leite;Laticínio;4;0.18;10.72;2022-10-14;n
Pão de Forma;Padaria;5;0.19;39.45;2019-11-25;n
Arroz;Grãos;6;0.36;8.94;2020-12-15;n
Água Mineral;Bebida;4;0.17;37.48;2020-01-16;n
Cerveja;Bebida;4;0.34;40.16;2023-05-11;n
Queijo;Laticínio;10;0.07;26.94;2021-08-03;n
Leite;Laticínio;7;0.45;42.46;2023-03-13;n
Macarrão;Massas;3;0.09;93.67;2022-03-19;n
Feijão;Grãos;1;0.21;47.2;2020-09-15;n
Leite;Laticínio;1;0.48;21.56;2019-05-23;n
Leite;Laticínio;6;0.16;77.22;2023-02-04;n
Feijão;Grãos;7;0.19;29.05;2020-09-16;n
Refrigerante;Bebida;3;0.13;87.26;2019-10-22;n
Condicionador;Higiene;8;0.3;42.76;2020-11-23;n
Leite;Laticínio;10;0.43;35.88;2021-12-18;n
Chocolate;Doce;6;0.39;44.74;2019-01-25;n
Refrigerante;Bebida;9;0.01;45.39;2021-04-07;n
Pão de Forma;Padaria;2;0.01;55.28;2021-07-03;n
Chocolate;Doce;8;0.43;45.68;2020-08-06;n
Água Mineral;Bebida;9;0.42;30.4;2019-02-28;n
Shampoo;Higiene;1;0.09;72.1;2020-07-28;n
Detergente;Limpeza;2;0.49;37.7;2022-11-17;n
Papel Higiênico;Higiene;6;0.01;60.77;2019-10-25;n
Queijo;Laticínio;5;0.3;60.87;2022-11-22;n
Cerveja;Bebida;10;0.08;82.26;2019-02-04;n
Queijo;Laticínio;8;0.23;95.51;2019-03-27;n
Macarrão;Massas;9;0.17;66.09;2019-10-09;n
Água Mineral;Bebida;6;0.49;47.87;2022-10-02;n
Queijo;Laticínio;3;0.5;29.96;2021-06-20;n
Feijão;Grãos;6;0.17;30.9;2021-09-25;n
Biscoito;Lanche;3;0.46;93.97;2019-04-05;n
Molho de Tomate;Condimentos;9;0.39;49.85;2019-09-01;n
Molho de Tomate;Condimentos;6;0.2;13.69;2022-08-13;n
Shampoo;Higiene;10;0.33;15.01;2019-01-17;n
Papel Higiênico;Higiene;7;0.22;79.42;2023-08-17;n
Biscoito;Lanche;2;0.46;91.25;2021-09-23;n
Condicionador;Higiene;4;0.24;48.07;2019-02-07;n
Shampoo;Higiene;7;0.27;51.74;2022-09-13;n
Água Mineral;Bebida;2;0.42;71.07;2019-08-11;n
Molho de Tomate;Condimentos;9;0.1;35.57;2021-10-24;n
Molho de Tomate;Condimentos;1;0.18;32.01;2022-10-02;n
Feijão;Grãos;10;0.14;76.48;2023-07-22;n
Pão de Forma;Padaria;10;0.3;14.04;2019-05-20;n
Cerveja;Bebida;1;0.1;88.37;2019-01-11;n
Condicionador;Higiene;4;0.25;52.62;2022-05-28;n
Papel Higiênico;Higiene;10;0.0;62.37;2023-11-07;n
Água Mineral;Bebida;2;0.23;52.19;2023-05-04;n
Shampoo;Higiene;7;0.3;82.24;2020-09-25;n
Biscoito;Lanche;9;0.14;30.86;2020-03-20;n
Refrigerante;Bebida;1;0.24;10.92;2023-04-12;n
Refrigerante;Bebida;1;0.49;54.16;2019-07-15;n
Papel Higiênico;Higiene;9;0.08;23.24;2023-02-27;n
Arroz;Grãos;2;0.14;37.29;2019-03-12;n
Arroz;Grãos;10;0.14;12.89;2023-09-04;n
Arroz;Grãos;3;0.15;49.45;2022-07-16;n
Chocolate;Doce;9;0.49;51.72;2020-02-04;n
Cerveja;Bebida;9;0.19;49.34;2022-12-23;n
Pão de Forma;Padaria;6;0.37;19.81;2022-05-17;n
Água Mineral;Bebida;6;0.07;36.96;2021-09-22;n
Chocolate;Doce;9;0.05;87.28;2020-01-30;n
Feijão;Grãos;6;0.39;98.0;2023-03-08;n
Água Mineral;Bebida;8;0.38;99.35;2021-03-18;n
Arroz;Grãos;4;0.3;7.56;2021-12-05;n
Macarrão;Massas;1;0.21;89.31;2021-08-27;n
Sabão em Pó;Limpeza;4;0.3;91.83;2021-02-13;n
Shampoo;Higiene;6;0.02;67.72;2019-07-13;n
Pão de Forma;Padaria;1;0.24;21.62;2021-12-15;n
Leite;Laticínio;5;0.06;9.41;2019-11-02;n
Detergente;Limpeza;9;0.01;20.72;2019-08-29;n
Feijão;Grãos;7;0.11;75.96;2022-12-19;n
Refrigerante;Bebida;10;0.45;54.77;2020-09-10;n
Biscoito;Lanche;8;0.0;82.58;2023-07-03;n
Chocolate;Doce;10;0.34;68.41;2020-04-12;n
Pão de Forma;Padaria;1;0.06;67.57;2022-11-18;n
Molho de Tomate;Condimentos;10;0.39;45.89;2020-08-10;n
Água Mineral;Bebida;4;0.24;87.52;2023-10-15;n
Biscoito;Lanche;8;0.39;13.35;2022-10-03;n
Shampoo;Higiene;4;0.5;62.5;2019-09-02;n
Leite;Laticínio;10;0.5;93.92;2023-08-18;n
Shampoo;Higiene;5;0.23;83.82;2019-10-02;n
Shampoo;Higiene;7;0.22;80.72;2021-07-04;n
Queijo;Laticínio;4;0.2;31.11;2021-03-21;n
Arroz;Grãos;7;0.49;35.23;2020-07-08;n
Arroz;Grãos;10;0.49;48.28;2019-11-16;n
Queijo;Laticínio;1;0.25;31.92;2021-03-09;n
Detergente;Limpeza;3;0.18;58.33;2022-07-17;n
Queijo;Laticínio;5;0.27;58.78;2021-07-02;n
Cerveja;Bebida;2;0.11;61.09;2019-01-17;n
Biscoito;Lanche;5;0.48;55.19;2023-10-10;n
Arroz;Grãos;1;0.39;59.05;2021-02-03;n
Papel Higiênico;Higiene;5;0.07;30.0;2020-07-20;n
Feijão;Grãos;7;0.24;53.67;2019-01-16;n
Molho de Tomate;Condimentos;3;0.46;28.04;2021-01-19;n
Chocolate;Doce;6;0.25;25.99;2019-04-02;n
Papel Higiênico;Higiene;4;0.45;38.97;2021-04-24;n
Papel Higiênico;Higiene;6;0.48;17.91;2020-10-31;n
Biscoito;Lanche;1;0.03;88.02;2019-10-19;n
Cerveja;Bebida;2;0.45;19.92;2020-01-25;n
Água Mineral;Bebida;5;0.01;74.36;2020-08-03;n
Queijo;Laticínio;3;0.05;82.39;2020-04-16;n
Pão de Forma;Padaria;2;0.17;74.58;2019-09-17;n
Biscoito;Lanche;3;0.27;99.76;2023-10-05;n
Chocolate;Doce;1;0.5;40.62;2019-06-29;n
Cerveja;Bebida;3;0.17;60.93;2021-12-11;n
Papel Higiênico;Higiene;1;0.1;30.25;2019-01-08;n
Papel Higiênico;Higiene;10;0.41;78.99;2021-09-29;n
Detergente;Limpeza;10;0.07;15.27;2020-03-09;n
Biscoito;Lanche;6;0.09;53.53;2023-01-06;n
Chocolate;Doce;4;0.38;83.21;2023-04-27;n
Feijão;Grãos;7;0.11;49.95;2022-07-24;n
Sabão em Pó;Limpeza;7;0.44;92.24;2023-07-12;n
Chocolate;Doce;3;0.44;43.34;2021-01-29;n
Sabão em Pó;Limpeza;8;0.06;6.55;2022-04-02;n
Pão de Forma;Padaria;2;0.39;55.41;2021-08-04;n
Queijo;Laticínio;10;0.02;89.22;2022-09-10;n
Pão de Forma;Padaria;9;0.32;94.65;2022-11-24;n
Chocolate;Doce;2;0.45;54.77;2020-06-01;n
Pão de Forma;Padaria;4;0.18;36.29;2020-08-17;n
Cerveja;Bebida;10;0.04;62.11;2019-09-28;n
Leite;Laticínio;8;0.05;13.07;2021-05-31;n
Detergente;Limpeza;8;0.35;47.19;2020-12-24;n
Sabão em Pó;Limpeza;7;0.12;72.26;2023-05-25;n
Queijo;Laticínio;2;0.25;91.08;2021-09-08;n
Cerveja;Bebida;1;0.04;64.6;2022-06-04;n
Refrigerante;Bebida;8;0.39;23.77;2022-01-14;n
Condicionador;Higiene;2;0.3;84.2;2022-04-26;n
Macarrão;Massas;9;0.41;43.74;2019-06-19;n
Água Mineral;Bebida;10;0.28;29.92;2022-02-11;n
Macarrão;Massas;7;0.19;35.58;2021-06-07;n
Macarrão;Massas;8;0.03;31.25;2023-04-05;n
Chocolate;Doce;4;0.44;91.2;2019-03-24;n
Arroz;Grãos;6;0.13;34.3;2022-08-12;n
Biscoito;Lanche;8;0.5;26.65;2019-01-21;n
Biscoito;Lanche;2;0.26;18.23;2020-06-05;n
Chocolate;Doce;10;0.15;60.71;2019-10-14;n
Pão de Forma;Padaria;6;0.17;69.62;2020-10-27;n
Pão de Forma;Padaria;5;0.39;51.26;2022-02-07;n
Chocolate;Doce;4;0.18;14.8;2019-10-09;n
Sabão em Pó;Limpeza;8;0.26;47.6;2021-02-03;n
Arroz;Grãos;9;0.34;15.3;2022-12-21;n
Sabão em Pó;Limpeza;1;0.48;30.59;2022-07-14;n
Arroz;Grãos;10;0.47;84.32;2021-09-16;n
Papel Higiênico;Higiene;9;0.42;86.56;2019-01-22;n
Macarrão;Massas;4;0.21;93.09;2023-03-14;n
Molho de Tomate;Condimentos;10;0.26;11.29;2019-03-11;n
Detergente;Limpeza;7;0.13;45.94;2020-10-31;n
Molho de Tomate;Condimentos;9;0.1;82.75;2020-08-08;n
Macarrão;Massas;9;0.49;66.94;2020-08-20;n
Macarrão;Massas;4;0.26;12.59;2022-01-01;n
Condicionador;Higiene;3;0.19;8.76;2019-07-23;n
Pão de Forma;Padaria;2;0.41;75.7;2022-11-03;n
Detergente;Limpeza;9;0.17;56.87;2022-06-28;n
Biscoito;Lanche;6;0.42;56.96;2019-03-24;n
Refrigerante;Bebida;4;0.26;38.69;2019-10-19;n
Queijo;Laticínio;1;0.07;27.55;2019-11-04;n
Pão de Forma;Padaria;7;0.44;25.64;2019-11-22;n
Biscoito;Lanche;3;0.21;68.08;2023-12-03;n
Papel Higiênico;Higiene;4;0.27;91.53;2019-03-19;n
Biscoito;Lanche;8;0.01;21.7;2019-02-16;n
Detergente;Limpeza;9;0.12;41.72;2020-03-07;n
Biscoito;Lanche;5;0.01;90.44;2019-04-12;n
Molho de Tomate;Condimentos;10;0.36;69.33;2023-04-06;n
Papel Higiênico;Higiene;9;0.16;64.55;2021-08-23;n
Biscoito;Lanche;1;0.3;71.29;2020-11-27;n
Arroz;Grãos;5;0.28;56.54;2023-03-19;n
Biscoito;Lanche;2;0.16;70.79;2022-04-03;n
Biscoito;Lanche;1;0.01;77.98;2019-09-23;n
Queijo;Laticínio;8;0.4;8.6;2020-07-30;n
Shampoo;Higiene;1;0.13;80.95;2019-10-09;n
Sabão em Pó;Limpeza;5;0.1;39.22;2023-06-04;n
Molho de Tomate;Condimentos;9;0.43;84.15;2023-07-21;n
Shampoo;Higiene;8;0.18;24.03;2019-12-22;n
Pão de Forma;Padaria;4;0.45;88.2;2023-12-26;n
Condicionador;Higiene;6;0.0;68.35;2021-11-04;n
Água Mineral;Bebida;10;0.27;96.11;2020-07-16;n
Leite;Laticínio;8;0.21;8.99;2019-05-04;n
Queijo;Laticínio;6;0.3;85.19;2023-06-10;n
Shampoo;Higiene;5;0.31;97.56;2022-12-28;n
Cerveja;Bebida;3;0.19;56.8;2022-11-18;n
Cerveja;Bebida;8;0.13;6.51;2019-10-18;n
Macarrão;Massas;10;0.18;15.61;2020-08-06;n
Queijo;Laticínio;2;0.1;84.99;2020-04-09;n
Shampoo;Higiene;5;0.14;15.0;2022-11-14;n
Sabão em Pó;Limpeza;4;0.12;82.1;2019-11-28;n
Condicionador;Higiene;3;0.11;5.59;2020-02-22;n
Biscoito;Lanche;6;0.21;49.23;2020-12-07;n
Leite;Laticínio;1;0.11;58.36;2022-06-05;n
Cerveja;Bebida;5;0.48;38.07;2021-04-23;n
Shampoo;Higiene;8;0.39;98.11;2020-06-25;n
Água Mineral;Bebida;1;0.22;49.06;2022-04-09;n
Leite;Laticínio;3;0.38;68.23;2022-11-02;n
Macarrão;Massas;6;0.24;61.7;2019-03-23;n
Shampoo;Higiene;8;0.38;15.97;2023-12-04;n
Refrigerante;Bebida;5;0.21;34.9;2019-04-25;n
Macarrão;Massas;9;0.47;80.77;2019-03-03;n
Feijão;Grãos;4;0.31;14.91;2019-05-07;n
Papel Higiênico;Higiene;4;0.49;55.06;2021-09-15;n
Refrigerante;Bebida;8;0.22;93.78;2020-07-07;n
Molho de Tomate;Condimentos;10;0.44;14.62;2022-10-31;n
Arroz;Grãos;7;0.1;92.38;2021-08-31;n
Sabão em Pó;Limpeza;8;0.1;88.65;2023-11-12;n
Chocolate;Doce;8;0.44;64.17;2020-02-15;n
Condicionador;Higiene;4;0.05;79.54;2019-07-08;n
Macarrão;Massas;3;0.11;12.32;2021-08-07;n
Cerveja;Bebida;4;0.16;64.1;2021-10-29;n
Chocolate;Doce;4;0.48;24.75;2021-04-03;n
Refrigerante;Bebida;10;0.14;25.73;2023-03-16;n
Macarrão;Massas;2;0.07;58.4;2020-06-20;n
Shampoo;Higiene;10;0.2;72.53;2020-09-19;n
Leite;Laticínio;7;0.3;14.55;2020-08-23;n
Biscoito;Lanche;7;0.46;81.92;2023-04-27;n
Molho de Tomate;Condimentos;9;0.23;61.13;2021-09-11;n
Detergente;Limpeza;8;0.2;60.09;2023-07-04;n
Refrigerante;Bebida;2;0.43;15.02;2023-04-28;n
Detergente;Limpeza;9;0.15;70.55;2023-04-20;n
Água Mineral;Bebida;10;0.02;92.04;2023-05-07;n
Detergente;Limpeza;2;0.25;78.56;2020-12-06;n
Refrigerante;Bebida;5;0.22;34.88;2019-02-08;n
Papel Higiênico;Higiene;8;0.31;71.54;2022-04-29;n
Papel Higiênico;Higiene;2;0.26;23.22;2023-01-22;n
Detergente;Limpeza;3;0.19;39.83;2021-11-26;n
Arroz;Grãos;2;0.28;97.23;2019-05-16;n
Água Mineral;Bebida;1;0.13;98.28;2021-03-07;n
Biscoito;Lanche;9;0.47;35.66;2023-12-29;n
Shampoo;Higiene;5;0.48;85.08;2022-03-17;n
Papel Higiênico;Higiene;10;0.07;18.76;2021-08-19;n
Chocolate;Doce;5;0.0;8.01;2019-11-11;n
Detergente;Limpeza;8;0.17;85.13;2021-12-07;n
Detergente;Limpeza;9;0.29;9.71;2020-02-28;n
Detergente;Limpeza;2;0.46;27.66;2021-05-08;n
Feijão;Grãos;10;0.24;99.03;2019-09-09;n
Água Mineral;Bebida;10;0.01;36.77;2019-04-24;n
Pão de Forma;Padaria;1;0.24;84.66;2020-02-11;n
Chocolate;Doce;2;0.21;58.73;2020-07-01;n
Pão de Forma;Padaria;9;0.36;48.85;2022-07-24;n
Detergente;Limpeza;2;0.09;37.4;2021-06-12;n
Feijão;Grãos;5;0.4;31.68;2021-06-25;n
Feijão;Grãos;2;0.22;75.26;2023-11-16;n
Refrigerante;Bebida;8;0.34;36.26;2020-10-24;n
Sabão em Pó;Limpeza;5;0.26;88.25;2020-10-06;n
Shampoo;Higiene;9;0.38;75.52;2019-02-12;n
Molho de Tomate;Condimentos;10;0.03;72.2;2022-11-15;n
Queijo;Laticínio;2;0.48;21.8;2020-07-14;n
Chocolate;Doce;2;0.06;67.47;2021-05-10;n
Refrigerante;Bebida;4;0.37;80.17;2020-10-01;n
Pão de Forma;Padaria;6;0.46;75.76;2023-01-05;n
Macarrão;Massas;9;0.14;55.28;2022-02-10;n
Papel Higiênico;Higiene;6;0.02;21.52;2022-03-30;n
Chocolate;Doce;7;0.15;19.5;2023-08-02;n
Chocolate;Doce;9;0.11;41.86;2019-11-09;n
Sabão em Pó;Limpeza;2;0.0;21.42;2023-07-24;n
Sabão em Pó;Limpeza;9;0.28;56.13;2019-11-16;n
Molho de Tomate;Condimentos;5;0.48;23.9;2023-12-16;n
Chocolate;Doce;5;0.14;84.54;2021-02-02;n
Água Mineral;Bebida;6;0.35;52.55;2023-09-18;n
Arroz;Grãos;10;0.35;40.68;2023-07-12;n
Cerveja;Bebida;2;0.06;52.32;2022-08-27;n
Arroz;Grãos;8;0.3;6.07;2021-10-20;n
Queijo;Laticínio;10;0.07;20.28;2020-04-17;n
Papel Higiênico;Higiene;5;0.46;60.54;2019-10-27;n
Shampoo;Higiene;7;0.37;43.53;2019-08-07;n
Molho de Tomate;Condimentos;1;0.08;92.16;2023-04-23;n
Detergente;Limpeza;5;0.1;28.1;2019-03-18;n
Leite;Laticínio;1;0.17;5.02;2023-10-01;n
Detergente;Limpeza;2;0.32;25.8;2023-03-03;n
Refrigerante;Bebida;5;0.03;82.48;2023-10-05;n
Macarrão;Massas;1;0.01;87.5;2022-06-12;n
Pão de Forma;Padaria;2;0.5;65.68;2020-08-22;n
Cerveja;Bebida;6;0.11;12.32;2020-08-01;n
Queijo;Laticínio;10;0.21;22.1;2023-01-12;n
Condicionador;Higiene;2;0.3;27.35;2021-03-21;n
Papel Higiênico;Higiene;7;0.09;82.26;2020-09-30;n
Feijão;Grãos;6;0.19;99.66;2022-11-03;n
Detergente;Limpeza;6;0.37;90.78;2022-04-20;n
Chocolate;Doce;3;0.07;97.66;2021-07-04;n
Detergente;Limpeza;8;0.33;98.74;2022-06-20;n
Shampoo;Higiene;4;0.22;55.13;2021-05-29;n
Chocolate;Doce;1;0.46;7.46;2021-12-15;n
Cerveja;Bebida;2;0.14;22.38;2019-06-20;n
Macarrão;Massas;10;0.37;82.85;2022-03-31;n
Molho de Tomate;Condimentos;5;0.32;52.94;2019-10-13;n
Leite;Laticínio;2;0.11;82.64;2023-01-19;n
Água Mineral;Bebida;1;0.29;34.64;2022-11-07;n
Arroz;Grãos;2;0.03;50.63;2021-11-21;n
Refrigerante;Bebida;10;0.23;66.04;2021-09-13;n
Água Mineral;Bebida;4;0.04;66.2;2023-05-27;n
Detergente;Limpeza;10;0.21;62.61;2020-09-11;n
Água Mineral;Bebida;5;0.29;15.58;2023-07-26;n
Molho de Tomate;Condimentos;4;0.48;20.4;2021-08-11;n
Feijão;Grãos;1;0.35;10.52;2022-11-20;n
Queijo;Laticínio;6;0.13;16.65;2022-05-01;n
Arroz;Grãos;10;0.13;25.23;2023-12-05;n
Pão de Forma;Padaria;5;0.05;75.46;2021-03-07;n
Molho de Tomate;Condimentos;10;0.11;73.08;2019-03-23;n
Queijo;Laticínio;1;0.1;69.84;2019-12-31;n
Sabão em Pó;Limpeza;1;0.17;70.59;2021-08-07;n
Queijo;Laticínio;3;0.43;96.0;2022-09-24;n
Biscoito;Lanche;10;0.3;63.06;2019-05-11;n
Leite;Laticínio;3;0.34;38.8;2021-04-21;n
Refrigerante;Bebida;3;0.19;54.79;2022-05-08;n
Condicionador;Higiene;8;0.43;87.94;2022-11-28;n
Leite;Laticínio;6;0.49;37.79;2021-08-17;n
Arroz;Grãos;3;0.07;80.82;2019-09-10;n
Condicionador;Higiene;3;0.31;59.09;2021-03-22;n
Macarrão;Massas;8;0.23;35.32;2019-08-11;n
Chocolate;Doce;6;0.38;62.57;2021-12-27;n
Cerveja;Bebida;9;0.48;68.58;2023-03-20;n
Feijão;Grãos;2;0.03;71.9;2019-01-14;n
Queijo;Laticínio;7;0.41;24.79;2021-10-06;n
Queijo;Laticínio;10;0.44;17.25;2022-12-15;n
Feijão;Grãos;4;0.45;98.27;2020-01-20;n
Leite;Laticínio;4;0.26;52.87;2023-09-22;n
Papel Higiênico;Higiene;9;0.2;29.97;2019-08-25;n
Sabão em Pó;Limpeza;7;0.34;98.23;2023-02-01;n
Biscoito;Lanche;7;0.24;33.33;2022-12-24;n
Biscoito;Lanche;4;0.28;90.64;2019-03-13;n
Feijão;Grãos;7;0.06;29.78;2021-07-27;n
Detergente;Limpeza;2;0.3;66.78;2019-07-24;n
Condicionador;Higiene;8;0.49;27.27;2019-06-07;n
Água Mineral;Bebida;1;0.29;65.9;2022-01-17;n
Pão de Forma;Padaria;3;0.12;91.66;2019-08-18;n
Cerveja;Bebida;5;0.15;62.39;2023-07-19;n
Chocolate;Doce;1;0.09;54.11;2023-07-06;n
Arroz;Grãos;10;0.2;74.64;2021-12-26;n
Condicionador;Higiene;9;0.2;65.51;2021-10-05;n
Biscoito;Lanche;5;0.15;48.94;2022-12-29;n
Condicionador;Higiene;10;0.33;65.47;2021-08-26;n
Pão de Forma;Padaria;8;0.1;34.98;2019-04-20;n
Papel Higiênico;Higiene;3;0.0;36.22;2021-05-02;n
Cerveja;Bebida;1;0.15;24.1;2019-03-14;n
Detergente;Limpeza;8;0.11;9.16;2019-06-25;n
Leite;Laticínio;7;0.36;37.85;2022-09-26;n
Biscoito;Lanche;3;0.25;71.15;2021-09-11;n
Refrigerante;Bebida;10;0.0;51.18;2019-10-15;n
Água Mineral;Bebida;4;0.44;78.53;2023-01-18;n
Biscoito;Lanche;5;0.47;23.67;2020-11-27;n
Queijo;Laticínio;3;0.09;72.18;2022-07-10;n
Refrigerante;Bebida;2;0.18;66.19;2020-03-08;n
Shampoo;Higiene;2;0.29;74.49;2022-12-04;n
Shampoo;Higiene;9;0.05;41.86;2022-01-18;n
Sabão em Pó;Limpeza;6;0.0;58.34;2022-01-02;n
Pão de Forma;Padaria;9;0.28;14.45;2022-07-24;n
Macarrão;Massas;3;0.14;26.93;2022-12-23;n
Feijão;Grãos;7;0.49;54.57;2023-06-16;n
Sabão em Pó;Limpeza;3;0.26;18.38;2021-09-20;n
Papel Higiênico;Higiene;5;0.06;48.72;2020-05-28;n
Arroz;Grãos;8;0.15;32.89;2023-09-04;n
Chocolate;Doce;1;0.07;51.43;2019-02-18;n
Condicionador;Higiene;7;0.15;67.26;2022-09-05;n
Condicionador;Higiene;8;0.48;66.38;2023-01-13;n
Biscoito;Lanche;8;0.21;59.38;2019-07-19;n
Arroz;Grãos;9;0.02;12.17;2019-11-15;s
Água Mineral;Bebida;1;0.14;37.18;2019-03-16;n
Leite;Laticínio;6;0.02;17.73;2021-09-27;n
Água Mineral;Bebida;9;0.36;14.46;2022-11-27;n
Condicionador;Higiene;1;0.1;29.27;2019-03-22;n
Papel Higiênico;Higiene;9;0.21;15.63;2022-04-07;n
Feijão;Grãos;9;0.18;38.19;2022-08-14;n
Cerveja;Bebida;4;0.16;97.88;2021-01-14;n
Detergente;Limpeza;7;0.03;86.47;2020-07-24;n
Arroz;Grãos;3;0.49;98.01;2023-11-07;n
Condicionador;Higiene;8;0.26;86.18;2022-01-13;n
Papel Higiênico;Higiene;8;0.21;42.11;2021-05-29;n
Papel Higiênico;Higiene;5;0.11;91.38;2020-08-13;n
Sabão em Pó;Limpeza;6;0.43;18.83;2020-06-06;n
Chocolate;Doce;4;0.12;7.46;2023-05-27;n
Queijo;Laticínio;4;0.36;95.43;2019-08-15;n
Macarrão;Massas;1;0.06;42.55;2020-02-13;n
Papel Higiênico;Higiene;5;0.24;97.36;2022-09-17;n
Arroz;Grãos;8;0.49;64.77;2019-07-17;n
Biscoito;Lanche;7;0.46;94.37;2023-09-15;n
Pão de Forma;Padaria;5;0.21;92.86;2021-01-05;n
Detergente;Limpeza;6;0.01;29.48;2021-04-17;n
Queijo;Laticínio;3;0.44;47.79;2021-11-30;n
Biscoito;Lanche;7;0.13;69.05;2019-06-11;n
Pão de Forma;Padaria;1;0.14;64.69;2023-04-19;n
Pão de Forma;Padaria;7;0.24;83.03;2020-03-26;n
Molho de Tomate;Condimentos;6;0.26;7.32;2023-09-25;n
Pão de Forma;Padaria;5;0.34;77.18;2019-01-12;n
Água Mineral;Bebida;1;0.4;43.32;2021-10-01;n
Chocolate;Doce;9;0.01;61.11;2019-11-13;n
Cerveja;Bebida;9;0.14;55.63;2022-01-02;n
Shampoo;Higiene;4;0.33;28.52;2022-07-02;n
Papel Higiênico;Higiene;4;0.08;76.19;2021-07-20;n
Refrigerante;Bebida;5;0.02;22.99;2022-10-08;n
Papel Higiênico;Higiene;6;0.21;83.0;2021-03-28;n
Condicionador;Higiene;8;0.32;39.5;2019-08-14;n
Leite;Laticínio;8;0.38;31.49;2022-06-11;n
Pão de Forma;Padaria;1;0.34;36.82;2019-03-30;n
Papel Higiênico;Higiene;7;0.47;68.44;2021-11-25;n
Molho de Tomate;Condimentos;1;0.22;40.14;2019-11-27;n
Shampoo;Higiene;5;0.05;71.14;2022-02-18;n
Água Mineral;Bebida;10;0.24;34.63;2021-11-11;n
Molho de Tomate;Condimentos;4;0.34;61.35;2022-04-06;n
Arroz;Grãos;9;0.24;47.24;2019-05-20;n
Molho de Tomate;Condimentos;8;0.11;84.07;2022-10-15;n
Shampoo;Higiene;7;0.41;81.77;2019-08-24;n
Molho de Tomate;Condimentos;4;0.3;36.59;2022-07-15;n
Molho de Tomate;Condimentos;4;0.1;34.43;2023-07-15;n
Shampoo;Higiene;9;0.27;28.57;2022-05-05;n
Cerveja;Bebida;2;0.24;19.18;2019-12-31;n
Condicionador;Higiene;9;0.02;92.93;2021-09-25;n
Biscoito;Lanche;7;0.39;60.8;2022-08-13;n
Condicionador;Higiene;4;0.24;67.03;2022-08-19;n
Biscoito;Lanche;1;0.3;19.01;2022-11-30;n
Shampoo;Higiene;6;0.25;38.15;2021-06-09;n
Papel Higiênico;Higiene;5;0.27;6.47;2021-03-05;n
Sabão em Pó;Limpeza;2;0.11;49.29;2020-03-06;n
Pão de Forma;Padaria;3;0.38;11.91;2022-12-29;n
Biscoito;Lanche;5;0.27;84.87;2022-08-04;n
Detergente;Limpeza;3;0.46;80.82;2021-06-29;n
Sabão em Pó;Limpeza;5;0.26;64.47;2023-10-31;n
Condicionador;Higiene;10;0.14;75.54;2022-02-05;n
Arroz;Grãos;7;0.06;72.69;2023-04-26;n
Biscoito;Lanche;1;0.31;90.47;2020-03-10;n
Feijão;Grãos;3;0.26;99.03;2020-10-12;n
Papel Higiênico;Higiene;9;0.08;91.78;2019-01-05;n
Molho de Tomate;Condimentos;10;0.16;44.04;2023-09-12;n
Papel Higiênico;Higiene;1;0.21;19.83;2023-09-16;n
Macarrão;Massas;2;0.44;50.3;2022-09-27;n
Chocolate;Doce;5;0.41;81.23;2019-06-01;n
Feijão;Grãos;4;0.07;59.3;2019-09-06;n
Papel Higiênico;Higiene;7;0.41;96.1;2023-03-08;n
Condicionador;Higiene;4;0.45;62.17;2020-04-17;n
Pão de Forma;Padaria;6;0.49;18.39;2019-09-16;n
Arroz;Grãos;6;0.5;72.63;2023-03-12;n
Feijão;Grãos;4;0.4;80.09;2019-04-07;n
Refrigerante;Bebida;8;0.4;48.32;2020-10-30;n
Detergente;Limpeza;8;0.25;84.64;2020-08-06;n
Condicionador;Higiene;8;0.13;90.15;2022-11-05;n
Refrigerante;Bebida;9;0.39;42.87;2022-10-13;n
Chocolate;Doce;2;0.2;45.05;2020-02-14;n
Refrigerante;Bebida;5;0.4;64.53;2021-10-11;n
Shampoo;Higiene;10;0.38;80.9;2019-10-08;n
Condicionador;Higiene;1;0.09;5.14;2023-03-28;n
Detergente;Limpeza;5;0.09;92.13;2022-09-12;n
Macarrão;Massas;9;0.19;38.77;2021-07-20;n
Refrigerante;Bebida;4;0.17;18.52;2022-07-25;n
Queijo;Laticínio;6;0.3;83.11;2019-12-27;n
Leite;Laticínio;10;0.04;27.53;2020-11-13;n
Detergente;Limpeza;1;0.07;17.95;2023-03-15;n
Macarrão;Massas;2;0.15;91.22;2023-03-18;n
Condicionador;Higiene;6;0.25;68.91;2023-09-12;n
Detergente;Limpeza;3;0.27;28.27;2020-10-22;n
Condicionador;Higiene;8;0.16;23.63;2020-07-02;n
Água Mineral;Bebida;6;0.21;34.83;2023-01-02;n
Refrigerante;Bebida;10;0.3;53.78;2021-05-17;n
Biscoito;Lanche;6;0.27;78.97;2020-12-29;n
Cerveja;Bebida;4;0.31;90.48;2019-01-12;n
Sabão em Pó;Limpeza;9;0.14;11.86;2020-10-10;n
Cerveja;Bebida;2;0.47;81.93;2023-04-29;n
Sabão em Pó;Limpeza;2;0.44;63.79;2019-09-22;n
Refrigerante;Bebida;3;0.31;11.39;2023-04-25;n
Feijão;Grãos;4;0.1;8.53;2019-12-16;n
Cerveja;Bebida;2;0.47;21.98;2019-06-03;n
Detergente;Limpeza;6;0.19;70.98;2019-03-03;n
Condicionador;Higiene;7;0.5;81.76;2020-04-24;n
Shampoo;Higiene;4;0.31;99.91;2023-04-22;n
Biscoito;Lanche;10;0.33;47.65;2019-01-24;n
Leite;Laticínio;10;0.01;33.79;2023-08-27;n
Queijo;Laticínio;4;0.16;95.19;2019-08-02;n
Detergente;Limpeza;7;0.2;35.13;2020-02-08;n
Água Mineral;Bebida;4;0.49;99.66;2022-04-09;n
Queijo;Laticínio;1;0.31;35.06;2023-11-12;n
Leite;Laticínio;3;0.18;88.97;2020-01-27;n
Detergente;Limpeza;6;0.28;99.2;2019-09-09;n
Arroz;Grãos;6;0.29;89.02;2023-11-16;n
Shampoo;Higiene;10;0.24;5.29;2021-08-11;n
Feijão;Grãos;8;0.29;23.01;2020-02-19;n
Detergente;Limpeza;9;0.22;83.58;2023-05-25;n
Queijo;Laticínio;6;0.14;14.31;2023-01-25;n
Condicionador;Higiene;8;0.2;71.06;2022-12-21;n
Feijão;Grãos;5;0.05;5.07;2022-06-16;n
Molho de Tomate;Condimentos;7;0.31;54.05;2022-01-01;n
Feijão;Grãos;6;0.26;29.98;2023-08-19;n
Papel Higiênico;Higiene;7;0.34;12.03;2022-11-25;n
Feijão;Grãos;5;0.31;5.56;2019-02-03;n
Leite;Laticínio;4;0.11;7.23;2019-04-06;n
Água Mineral;Bebida;3;0.0;12.53;2023-01-14;n
Condicionador;Higiene;2;0.4;32.89;2019-12-27;n
Sabão em Pó;Limpeza;9;0.3;55.88;2022-07-14;n
Sabão em Pó;Limpeza;7;0.32;14.37;2020-11-27;n
Pão de Forma;Padaria;4;0.09;26.57;2022-11-12;n
Condicionador;Higiene;9;0.01;33.02;2020-07-25;n
Shampoo;Higiene;3;0.23;64.33;2019-11-16;n
Shampoo;Higiene;9;0.35;65.63;2020-11-07;n
Condicionador;Higiene;1;0.39;60.3;2019-12-17;n
Condicionador;Higiene;10;0.1;43.2;2019-07-15;n
Queijo;Laticínio;5;0.4;31.15;2022-06-12;n
Feijão;Grãos;2;0.32;72.19;2019-01-15;n
Molho de Tomate;Condimentos;3;0.06;5.03;2020-03-15;n
Sabão em Pó;Limpeza;10;0.37;29.61;2020-05-12;n
Pão de Forma;Padaria;8;0.19;93.7;2021-02-03;n
Leite;Laticínio;2;0.4;48.85;2019-05-12;n
Leite;Laticínio;2;0.22;9.24;2019-11-07;n
Molho de Tomate;Condimentos;2;0.13;28.05;2022-11-16;n
Cerveja;Bebida;6;0.24;66.92;2023-06-03;n
Leite;Laticínio;7;0.31;6.5;2023-06-30;n
Água Mineral;Bebida;5;0.13;68.97;2021-03-12;n
Biscoito;Lanche;6;0.28;85.18;2023-12-05;n
Água Mineral;Bebida;9;0.13;53.22;2020-03-26;n
Condicionador;Higiene;7;0.23;58.68;2020-12-26;n
Condicionador;Higiene;6;0.22;44.79;2023-01-31;n
Shampoo;Higiene;1;0.29;33.31;2021-03-14;n
Chocolate;Doce;6;0.18;19.11;2022-02-18;n
Queijo;Laticínio;6;0.05;8.24;2023-04-02;n
Biscoito;Lanche;2;0.19;94.27;2020-04-20;n
Detergente;Limpeza;7;0.41;54.2;2019-02-14;n
Condicionador;Higiene;8;0.25;36.5;2023-04-27;n
Condicionador;Higiene;7;0.35;64.82;2022-01-28;n
Macarrão;Massas;8;0.02;13.37;2022-09-14;n
Papel Higiênico;Higiene;2;0.36;84.49;2023-01-07;n
Sabão em Pó;Limpeza;4;0.11;22.59;2023-11-23;n
Shampoo;Higiene;1;0.23;88.58;2019-05-26;n
Feijão;Grãos;1;0.35;35.5;2021-09-11;n
Detergente;Limpeza;2;0.1;20.09;2020-02-19;n
Biscoito;Lanche;8;0.39;59.38;2023-06-02;n
Shampoo;Higiene;8;0.21;18.53;2021-04-01;n
Biscoito;Lanche;2;0.46;42.79;2021-09-01;n
Detergente;Limpeza;1;0.05;40.44;2020-06-30;n
Arroz;Grãos;1;0.11;46.49;2023-04-08;n
Condicionador;Higiene;8;0.42;96.92;2022-09-08;n
Água Mineral;Bebida;4;0.33;13.93;2019-07-12;n
Molho de Tomate;Condimentos;8;0.17;52.68;2023-03-20;n
Refrigerante;Bebida;10;0.3;98.73;2021-05-19;n
Refrigerante;Bebida;9;0.47;74.28;2023-05-29;n
Molho de Tomate;Condimentos;3;0.24;36.1;2020-08-06;n
Molho de Tomate;Condimentos;4;0.36;31.33;2019-11-23;n
Pão de Forma;Padaria;3;0.23;85.02;2020-04-11;n
Água Mineral;Bebida;5;0.42;86.68;2021-08-13;n
Cerveja;Bebida;5;0.01;65.43;2020-02-05;n
Refrigerante;Bebida;6;0.1;34.59;2023-12-18;n
Macarrão;Massas;10;0.42;34.17;2022-06-03;n
Sabão em Pó;Limpeza;2;0.11;74.12;2023-07-17;n
Cerveja;Bebida;1;0.15;12.35;2023-07-20;n
Sabão em Pó;Limpeza;10;0.33;78.93;2020-05-31;n
Leite;Laticínio;6;0.29;5.75;2022-03-15;n
Condicionador;Higiene;2;0.23;64.01;2020-04-28;n
Feijão;Grãos;10;0.3;71.11;2022-06-19;n
Shampoo;Higiene;2;0.01;12.41;2020-07-17;n
Shampoo;Higiene;9;0.47;24.08;2022-07-25;n
Arroz;Grãos;8;0.04;72.21;2022-06-07;n
Cerveja;Bebida;3;0.21;8.49;2022-01-07;n
Papel Higiênico;Higiene;10;0.33;23.06;2022-02-26;n
Shampoo;Higiene;7;0.35;30.16;2021-11-16;n
Refrigerante;Bebida;6;0.03;50.65;2022-02-24;n
Biscoito;Lanche;4;0.05;33.51;2021-08-13;n
Macarrão;Massas;9;0.2;11.0;2019-01-24;n
Papel Higiênico;Higiene;3;0.37;28.62;2022-07-17;n
Condicionador;Higiene;3;0.23;54.99;2022-03-12;n
Condicionador;Higiene;1;0.19;26.3;2021-12-20;n
Cerveja;Bebida;1;0.37;36.32;2023-08-22;n
Refrigerante;Bebida;4;0.13;51.27;2021-11-07;n
Shampoo;Higiene;4;0.04;59.11;2020-09-02;n
Condicionador;Higiene;7;0.36;99.23;2020-08-04;n
Biscoito;Lanche;2;0.13;57.99;2023-03-06;n
Sabão em Pó;Limpeza;8;0.34;86.99;2019-07-01;n
Cerveja;Bebida;6;0.32;96.86;2023-02-05;n
Papel Higiênico;Higiene;10;0.03;20.45;2023-01-26;n
Detergente;Limpeza;1;0.34;99.52;2020-09-26;n
Shampoo;Higiene;10;0.27;53.9;2020-03-14;n
Leite;Laticínio;2;0.32;22.12;2023-06-06;n
Condicionador;Higiene;6;0.16;17.86;2022-08-26;n
Água Mineral;Bebida;3;0.09;77.95;2020-09-23;n
Detergente;Limpeza;6;0.11;78.43;2019-04-17;n
Biscoito;Lanche;5;0.04;74.88;2022-12-09;n
Refrigerante;Bebida;4;0.44;74.17;2019-09-24;n
Papel Higiênico;Higiene;2;0.34;86.1;2023-10-05;n
Leite;Laticínio;10;0.1;33.95;2021-06-15;n
Queijo;Laticínio;4;0.13;30.84;2020-12-01;n
Shampoo;Higiene;1;0.47;80.31;2023-12-09;n
Sabão em Pó;Limpeza;3;0.03;67.89;2020-09-27;n
Água Mineral;Bebida;3;0.08;61.6;2022-08-16;n
Refrigerante;Bebida;8;0.06;23.58;2021-08-11;n
Condicionador;Higiene;7;0.17;55.59;2022-10-31;n
Macarrão;Massas;10;0.47;87.32;2022-04-12;n
Água Mineral;Bebida;2;0.11;58.23;2021-03-27;n
Chocolate;Doce;6;0.17;23.59;2019-01-10;n
Refrigerante;Bebida;4;0.25;33.9;2023-04-29;n
Refrigerante;Bebida;2;0.12;58.55;2021-06-05;n
Papel Higiênico;Higiene;4;0.11;69.37;2022-05-06;n
Papel Higiênico;Higiene;2;0.43;92.73;2019-08-29;n
Papel Higiênico;Higiene;7;0.03;7.02;2023-04-08;n
Macarrão;Massas;6;0.4;63.49;2020-06-27;n
Pão de Forma;Padaria;10;0.38;46.83;2023-03-09;n
Condicionador;Higiene;9;0.44;28.15;2020-03-14;n
Condicionador;Higiene;9;0.19;34.55;2021-09-03;n
Queijo;Laticínio;3;0.49;20.19;2019-12-11;n
Detergente;Limpeza;7;0.4;66.33;2022-04-16;n
Biscoito;Lanche;10;0.3;14.63;2023-10-10;n
Feijão;Grãos;2;0.27;70.71;2021-04-22;n
Biscoito;Lanche;3;0.39;98.06;2022-11-01;n
Molho de Tomate;Condimentos;8;0.47;74.63;2022-06-12;n
Chocolate;Doce;8;0.26;27.59;2021-01-30;n
Leite;Laticínio;4;0.34;90.44;2021-06-24;n
Detergente;Limpeza;10;0.26;53.04;2019-06-29;n
Feijão;Grãos;10;0.0;42.99;2021-01-31;n
Pão de Forma;Padaria;9;0.16;96.4;2023-08-16;n
Shampoo;Higiene;6;0.2;91.1;2021-10-14;n
Arroz;Grãos;7;0.02;98.55;2019-02-20;n
Cerveja;Bebida;8;0.46;63.51;2023-08-27;n
Papel Higiênico;Higiene;4;0.02;76.65;2020-03-23;n
Papel Higiênico;Higiene;4;0.37;90.03;2019-01-24;n
Sabão em Pó;Limpeza;5;0.43;33.06;2019-09-14;n
Chocolate;Doce;4;0.47;42.39;2022-02-04;n
Queijo;Laticínio;7;0.23;83.64;2019-05-18;n
Papel Higiênico;Higiene;3;0.34;78.63;2023-10-04;n
Feijão;Grãos;3;0.41;48.99;2020-01-14;n
Feijão;Grãos;9;0.08;44.95;2019-08-05;n
Papel Higiênico;Higiene;4;0.17;47.87;2022-01-04;n
Shampoo;Higiene;8;0.04;22.74;2022-01-14;n
Queijo;Laticínio;7;0.34;35.6;2020-06-17;n
Chocolate;Doce;7;0.13;89.33;2021-09-27;n
Queijo;Laticínio;5;0.2;79.15;2022-10-10;n
Cerveja;Bebida;8;0.19;50.89;2021-10-27;n
Feijão;Grãos;10;0.37;87.92;2021-12-26;n
Papel Higiênico;Higiene;2;0.41;17.36;2019-06-07;n
Arroz;Grãos;3;0.14;76.04;2020-05-16;n
Cerveja;Bebida;8;0.28;42.53;2022-02-22;n
Feijão;Grãos;10;0.42;32.99;2022-11-19;n
Detergente;Limpeza;7;0.46;41.3;2022-05-29;n
Água Mineral;Bebida;10;0.43;46.78;2020-04-28;n
Condicionador;Higiene;1;0.06;33.71;2023-05-26;n
Papel Higiênico;Higiene;10;0.32;50.92;2020-01-09;n
Feijão;Grãos;5;0.32;27.41;2023-11-19;n
Feijão;Grãos;6;0.32;37.75;2019-10-16;n
Chocolate;Doce;8;0.34;97.6;2021-04-20;n
Detergente;Limpeza;6;0.47;8.95;2020-11-14;n
Leite;Laticínio;7;0.47;87.81;2023-02-09;n
Macarrão;Massas;2;0.33;35.39;2020-02-29;n
Cerveja;Bebida;5;0.5;39.13;2021-02-28;n
Sabão em Pó;Limpeza;6;0.31;92.57;2021-04-22;n
Shampoo;Higiene;8;0.07;25.16;2022-04-19;n
Queijo;Laticínio;8;0.43;32.67;2020-03-28;n
Molho de Tomate;Condimentos;9;0.06;41.4;2021-02-10;n
Condicionador;Higiene;2;0.3;81.98;2020-03-20;n
Detergente;Limpeza;1;0.3;29.78;2020-12-22;n
Pão de Forma;Padaria;4;0.06;84.19;2023-04-29;n
Detergente;Limpeza;3;0.34;64.14;2022-05-21;n
Arroz;Grãos;7;0.04;48.04;2022-03-31;n
Chocolate;Doce;7;0.03;23.87;2020-01-30;n
Refrigerante;Bebida;7;0.49;41.12;2019-03-15;n
Molho de Tomate;Condimentos;6;0.4;68.58;2022-10-31;n
Leite;Laticínio;2;0.17;98.0;2020-11-18;n
Arroz;Grãos;7;0.23;49.11;2023-05-10;n
Leite;Laticínio;8;0.44;13.39;2022-10-03;n
Feijão;Grãos;6;0.36;30.84;2020-01-27;n
Papel Higiênico;Higiene;6;0.31;99.06;2023-04-12;n
Macarrão;Massas;9;0.16;43.33;2021-09-13;n
Água Mineral;Bebida;5;0.25;88.64;2023-05-08;n
Cerveja;Bebida;8;0.12;41.93;2023-12-03;n
Sabão em Pó;Limpeza;1;0.37;27.95;2020-10-15;n
Condicionador;Higiene;1;0.4;99.5;2019-03-25;n
Pão de Forma;Padaria;1;0.31;54.53;2019-08-30;n
Leite;Laticínio;7;0.37;33.06;2020-03-04;n
Detergente;Limpeza;4;0.05;64.8;2022-01-04;n
Condicionador;Higiene;3;0.3;27.07;2021-07-06;n
Queijo;Laticínio;8;0.22;69.85;2020-01-28;n
Chocolate;Doce;2;0.15;33.9;2020-11-01;n
Biscoito;Lanche;2;0.41;10.71;2019-09-30;n
Feijão;Grãos;6;0.48;37.27;2023-10-12;n
Biscoito;Lanche;4;0.37;64.3;2023-01-27;n
Condicionador;Higiene;2;0.37;51.55;2020-04-11;n
Arroz;Grãos;10;0.19;49.26;2020-01-25;n
Feijão;Grãos;8;0.16;60.43;2023-11-29;n
Cerveja;Bebida;10;0.38;51.19;2019-10-07;n
Leite;Laticínio;9;0.31;43.36;2019-03-18;n
Biscoito;Lanche;3;0.19;96.71;2020-04-25;n
Molho de Tomate;Condimentos;7;0.48;17.9;2022-10-03;n
Queijo;Laticínio;6;0.18;50.5;2021-10-14;n
Biscoito;Lanche;5;0.44;45.43;2020-09-10;n
Shampoo;Higiene;1;0.38;85.17;2022-10-22;n
Pão de Forma;Padaria;8;0.41;14.54;2019-06-03;n
Pão de Forma;Padaria;10;0.18;81.98;2022-08-28;n
Pão de Forma;Padaria;10;0.42;77.56;2019-08-17;n
Papel Higiênico;Higiene;3;0.44;26.78;2021-01-27;n
Leite;Laticínio;8;0.22;20.64;2023-03-20;n
Pão de Forma;Padaria;6;0.0;76.86;2019-08-21;n
Detergente;Limpeza;4;0.27;91.81;2023-12-10;n
Biscoito;Lanche;8;0.26;20.0;2022-10-26;n
Queijo;Laticínio;6;0.38;16.63;2020-02-15;n
Biscoito;Lanche;8;0.31;45.93;2021-01-28;n
Água Mineral;Bebida;3;0.04;27.68;2023-04-05;n
Papel Higiênico;Higiene;5;0.09;46.08;2022-08-18;n
Papel Higiênico;Higiene;7;0.42;64.36;2021-02-12;n
Pão de Forma;Padaria;2;0.33;42.56;2019-07-14;n
Arroz;Grãos;10;0.36;8.34;2021-04-17;n
Detergente;Limpeza;10;0.49;29.09;2021-07-10;n
Cerveja;Bebida;8;0.25;82.43;2021-08-14;n
Shampoo;Higiene;2;0.15;82.53;2019-06-16;n
Sabão em Pó;Limpeza;10;0.32;8.03;2023-11-25;n
Água Mineral;Bebida;9;0.25;61.69;2022-07-15;n
Queijo;Laticínio;10;0.1;69.0;2020-03-18;n
Pão de Forma;Padaria;1;0.45;81.27;2019-02-27;n
Biscoito;Lanche;6;0.06;29.59;2023-04-26;n
Shampoo;Higiene;5;0.19;96.07;2023-02-11;n
Pão de Forma;Padaria;7;0.16;14.62;2021-09-13;n
Papel Higiênico;Higiene;1;0.09;74.27;2019-06-17;n
Biscoito;Lanche;1;0.5;63.7;2021-06-11;n
Sabão em Pó;Limpeza;5;0.18;15.28;2022-04-30;n
Condicionador;Higiene;5;0.29;72.05;2020-01-18;n
Cerveja;Bebida;9;0.43;49.79;2021-04-22;n
Cerveja;Bebida;10;0.34;18.12;2019-12-06;n
Queijo;Laticínio;4;0.16;70.04;2020-04-29;n
Condicionador;Higiene;10;0.1;55.8;2021-11-05;n
Detergente;Limpeza;4;0.3;68.64;2023-09-18;n
Refrigerante;Bebida;2;0.37;83.94;2021-06-28;n
Sabão em Pó;Limpeza;7;0.33;32.02;2022-07-25;n
Sabão em Pó;Limpeza;8;0.11;28.16;2019-10-30;n
Sabão em Pó;Limpeza;3;0.41;78.51;2023-10-13;n
Detergente;Limpeza;6;0.23;54.36;2022-05-26;n
Detergente;Limpeza;5;0.23;89.21;2023-07-20;n
Arroz;Grãos;4;0.34;12.92;2020-11-22;n
Condicionador;Higiene;9;0.01;76.14;2023-08-19;n
Papel Higiênico;Higiene;10;0.23;23.2;2023-09-29;n
Pão de Forma;Padaria;6;0.01;86.52;2019-03-02;n
Queijo;Laticínio;4;0.27;62.02;2022-05-04;n
Condicionador;Higiene;4;0.06;86.62;2023-09-24;n
Feijão;Grãos;3;0.41;49.73;2022-01-10;n
Leite;Laticínio;9;0.19;64.75;2023-08-23;n
Detergente;Limpeza;7;0.29;79.27;2019-06-26;n
Pão de Forma;Padaria;9;0.14;11.83;2019-05-01;s
Chocolate;Doce;8;0.26;69.3;2021-03-18;n
Molho de Tomate;Condimentos;8;0.4;60.67;2023-04-28;n
Feijão;Grãos;5;0.38;91.87;2022-01-04;n
Pão de Forma;Padaria;7;0.35;20.27;2023-10-17;n
Chocolate;Doce;4;0.26;22.77;2022-11-25;n
Condicionador;Higiene;7;0.47;13.94;2019-05-24;n
Pão de Forma;Padaria;2;0.16;21.15;2021-12-19;n
Água Mineral;Bebida;6;0.35;91.71;2019-02-20;n
Cerveja;Bebida;3;0.3;24.02;2022-07-08;n
Macarrão;Massas;7;0.4;89.78;2019-11-04;n
Leite;Laticínio;5;0.31;73.31;2021-03-29;n
Papel Higiênico;Higiene;3;0.01;18.04;2022-10-17;n
Refrigerante;Bebida;7;0.18;31.5;2022-01-02;n
Leite;Laticínio;6;0.37;7.91;2022-09-12;n
Condicionador;Higiene;1;0.35;59.54;2022-03-23;n
Condicionador;Higiene;3;0.4;13.98;2019-01-24;n
Sabão em Pó;Limpeza;7;0.47;29.67;2019-10-31;n
Shampoo;Higiene;10;0.14;17.93;2021-11-18;n
Chocolate;Doce;1;0.07;72.19;2020-04-23;n
Pão de Forma;Padaria;2;0.21;30.28;2023-04-14;n
Shampoo;Higiene;4;0.05;74.65;2020-06-06;n
Detergente;Limpeza;7;0.22;81.29;2021-04-11;n
Chocolate;Doce;10;0.47;81.77;2020-05-11;n
Macarrão;Massas;2;0.07;38.47;2021-03-28;n
Chocolate;Doce;8;0.22;98.04;2020-08-05;n
Chocolate;Doce;8;0.05;82.22;2023-10-13;n
Leite;Laticínio;4;0.34;63.24;2021-01-15;n
Queijo;Laticínio;7;0.38;17.54;2019-09-23;n
Chocolate;Doce;8;0.23;97.79;2019-02-04;n
Detergente;Limpeza;1;0.29;23.37;2019-07-11;n
Refrigerante;Bebida;10;0.27;13.32;2021-04-24;n
Refrigerante;Bebida;3;0.2;70.27;2020-11-06;n
Feijão;Grãos;2;0.01;97.2;2022-02-11;n
Condicionador;Higiene;7;0.4;63.62;2023-12-06;n
Água Mineral;Bebida;1;0.09;75.47;2021-07-17;n
Shampoo;Higiene;10;0.22;50.13;2019-01-03;n
Água Mineral;Bebida;8;0.46;74.86;2023-03-24;n
Feijão;Grãos;3;0.0;68.24;2023-01-30;n
Leite;Laticínio;4;0.43;63.73;2019-06-22;n
Pão de Forma;Padaria;4;0.33;46.46;2022-04-05;n
Refrigerante;Bebida;2;0.04;53.52;2019-01-19;n
Queijo;Laticínio;10;0.0;58.97;2019-01-20;n
Papel Higiênico;Higiene;8;0.19;58.87;2023-09-14;n
Leite;Laticínio;2;0.37;56.9;2023-09-23;n
Macarrão;Massas;8;0.35;51.18;2023-07-02;n
Queijo;Laticínio;8;0.26;54.08;2021-10-05;n
Sabão em Pó;Limpeza;3;0.39;17.63;2019-09-18;n
Água Mineral;Bebida;10;0.23;83.97;2020-10-29;n
Cerveja;Bebida;6;0.15;58.67;2020-10-30;n
Detergente;Limpeza;5;0.09;62.69;2021-02-06;n
Arroz;Grãos;9;0.37;77.2;2019-10-22;n
Macarrão;Massas;7;0.22;63.29;2023-03-23;n
Arroz;Grãos;5;0.48;69.71;2019-11-10;n
Chocolate;Doce;6;0.25;5.79;2021-07-14;n
Refrigerante;Bebida;2;0.1;56.41;2021-05-10;n
Condicionador;Higiene;7;0.34;25.15;2022-07-04;n
Detergente;Limpeza;7;0.19;38.61;2019-11-02;n
Biscoito;Lanche;9;0.25;36.11;2022-07-31;n
Cerveja;Bebida;6;0.47;21.57;2021-03-24;n
Detergente;Limpeza;3;0.2;19.31;2020-11-01;n
Macarrão;Massas;3;0.02;67.37;2021-01-13;n
Pão de Forma;Padaria;2;0.36;85.11;2019-06-26;n
Chocolate;Doce;8;0.32;91.93;2020-02-12;n
Refrigerante;Bebida;9;0.09;45.79;2020-08-28;n
Chocolate;Doce;9;0.46;49.71;2021-09-09;n
Pão de Forma;Padaria;8;0.19;90.97;2023-01-29;n
Água Mineral;Bebida;1;0.12;79.64;2021-12-26;n
Feijão;Grãos;5;0.01;28.3;2021-01-28;n
Biscoito;Lanche;6;0.48;86.8;2019-03-25;n
Cerveja;Bebida;3;0.2;88.8;2019-08-20;n
Papel Higiênico;Higiene;6;0.41;90.85;2022-01-08;n
Biscoito;Lanche;3;0.03;65.61;2022-01-31;n
Shampoo;Higiene;8;0.35;76.46;2020-09-21;n
Feijão;Grãos;5;0.22;19.32;2023-01-21;n
Arroz;Grãos;4;0.48;45.86;2021-09-11;n
Arroz;Grãos;4;0.2;27.21;2023-12-05;n
Refrigerante;Bebida;4;0.28;36.05;2021-01-25;n
Chocolate;Doce;7;0.28;13.27;2022-07-11;n
Chocolate;Doce;5;0.49;89.06;2023-01-17;n
Feijão;Grãos;7;0.38;72.62;2019-01-29;n
Papel Higiênico;Higiene;10;0.09;56.2;2021-04-19;n
Shampoo;Higiene;1;0.49;73.86;2023-12-29;n
Condicionador;Higiene;1;0.01;42.86;2022-08-06;n
Biscoito;Lanche;7;0.24;59.68;2019-01-11;n
Biscoito;Lanche;4;0.28;19.99;2021-08-03;n
Queijo;Laticínio;8;0.12;50.27;2019-10-01;n
Água Mineral;Bebida;6;0.38;56.2;2019-06-15;n
Detergente;Limpeza;1;0.25;74.61;2021-03-02;n
Molho de Tomate;Condimentos;9;0.12;50.49;2022-09-18;n
Papel Higiênico;Higiene;9;0.5;56.84;2020-10-15;n
Queijo;Laticínio;5;0.46;10.14;2021-08-08;n
Leite;Laticínio;2;0.19;30.02;2019-12-06;n
Shampoo;Higiene;2;0.42;88.91;2021-03-03;n
Sabão em Pó;Limpeza;8;0.03;99.11;2020-05-23;n
Pão de Forma;Padaria;9;0.22;17.66;2022-11-25;n
Biscoito;Lanche;7;0.43;77.89;2023-09-09;n
Chocolate;Doce;4;0.34;78.16;2020-08-16;n
Refrigerante;Bebida;5;0.3;93.05;2021-05-14;n
Leite;Laticínio;7;0.24;83.2;2019-07-03;n
Cerveja;Bebida;9;0.49;5.49;2021-11-14;n
Sabão em Pó;Limpeza;6;0.46;36.59;2020-08-12;n
Condicionador;Higiene;4;0.06;55.22;2023-09-05;n
Detergente;Limpeza;6;0.09;30.96;2023-01-07;n
Detergente;Limpeza;8;0.44;96.6;2019-06-23;n
Shampoo;Higiene;10;0.23;32.92;2019-09-28;n
Água Mineral;Bebida;5;0.46;62.74;2020-07-31;n
Papel Higiênico;Higiene;5;0.49;60.95;2019-06-08;n
Papel Higiênico;Higiene;3;0.29;36.14;2019-09-05;n
Biscoito;Lanche;4;0.3;51.53;2020-12-22;n
Refrigerante;Bebida;9;0.06;12.06;2020-10-06;n
Refrigerante;Bebida;3;0.24;29.1;2023-07-28;n
Refrigerante;Bebida;4;0.21;24.99;2023-12-11;n
Água Mineral;Bebida;8;0.12;76.48;2023-01-29;n
Condicionador;Higiene;3;0.25;68.67;2022-08-31;n
Chocolate;Doce;10;0.11;99.25;2022-06-25;n
Feijão;Grãos;8;0.04;38.99;2019-10-09;n
Papel Higiênico;Higiene;9;0.01;45.26;2019-05-02;n
Sabão em Pó;Limpeza;7;0.24;71.17;2021-11-12;n
Shampoo;Higiene;10;0.1;85.55;2021-09-22;n
Biscoito;Lanche;8;0.34;99.7;2023-11-23;n
Condicionador;Higiene;8;0.01;19.05;2023-02-17;n
Detergente;Limpeza;5;0.15;20.86;2022-06-22;n
Feijão;Grãos;3;0.09;58.33;2022-02-21;n
Condicionador;Higiene;8;0.13;71.2;2020-06-20;n
Arroz;Grãos;4;0.47;28.33;2023-10-13;n
Queijo;Laticínio;10;0.04;86.56;2022-05-18;n
Arroz;Grãos;2;0.27;47.45;2020-08-14;n
Água Mineral;Bebida;9;0.38;87.96;2020-03-09;n
Detergente;Limpeza;4;0.21;90.91;2020-09-25;n
Shampoo;Higiene;3;0.26;65.13;2022-07-22;n
Refrigerante;Bebida;4;0.18;39.93;2020-04-13;n
Água Mineral;Bebida;10;0.03;68.96;2021-08-15;n
Sabão em Pó;Limpeza;2;0.44;97.1;2022-08-07;n
Pão de Forma;Padaria;10;0.26;8.96;2022-11-22;n
Shampoo;Higiene;10;0.42;16.91;2023-08-11;n
Macarrão;Massas;8;0.3;62.57;2020-07-23;n
Feijão;Grãos;10;0.06;48.7;2021-01-28;n
Condicionador;Higiene;4;0.42;99.49;2020-11-22;n
Biscoito;Lanche;5;0.42;57.0;2023-12-29;n
Macarrão;Massas;10;0.16;46.86;2023-03-10;n
Cerveja;Bebida;3;0.02;86.77;2022-12-23;n
Sabão em Pó;Limpeza;6;0.32;89.61;2023-05-08;n
Cerveja;Bebida;5;0.28;38.77;2019-08-23;n
Macarrão;Massas;7;0.22;34.79;2020-01-29;n
Chocolate;Doce;5;0.13;72.85;2019-08-07;n
Queijo;Laticínio;8;0.14;76.39;2023-04-10;n
Molho de Tomate;Condimentos;1;0.34;36.79;2022-02-02;n
Queijo;Laticínio;10;0.21;99.34;2022-06-06;n
Sabão em Pó;Limpeza;10;0.38;8.8;2021-08-06;n
Biscoito;Lanche;5;0.43;51.4;2023-02-18;n
Cerveja;Bebida;9;0.25;19.58;2022-01-04;n
Papel Higiênico;Higiene;4;0.2;79.36;2020-12-18;n
Macarrão;Massas;3;0.07;60.74;2020-07-29;n
Queijo;Laticínio;10;0.3;86.94;2020-04-09;n
Leite;Laticínio;10;0.02;30.91;2020-03-01;n
Condicionador;Higiene;10;0.11;8.95;2020-12-27;n
Arroz;Grãos;6;0.07;25.06;2019-02-18;n
Queijo;Laticínio;10;0.13;37.08;2019-10-01;n
Papel Higiênico;Higiene;8;0.44;98.78;2023-08-01;n
Feijão;Grãos;10;0.23;41.21;2019-02-19;n
Biscoito;Lanche;8;0.15;85.66;2023-11-21;n
Molho de Tomate;Condimentos;4;0.11;64.62;2020-02-14;n
Molho de Tomate;Condimentos;7;0.14;56.68;2019-03-01;n
Shampoo;Higiene;10;0.36;41.18;2019-04-09;n
Arroz;Grãos;3;0.38;83.86;2021-01-14;n
Macarrão;Massas;8;0.34;73.91;2019-09-13;n
Condicionador;Higiene;9;0.48;14.86;2019-11-11;n
Refrigerante;Bebida;7;0.0;96.05;2020-05-27;n
Biscoito;Lanche;3;0.39;23.52;2019-10-05;n
Papel Higiênico;Higiene;1;0.09;87.8;2023-04-22;n
Detergente;Limpeza;1;0.17;29.6;2019-09-13;n
Feijão;Grãos;5;0.47;78.05;2022-08-30;n
Molho de Tomate;Condimentos;4;0.2;31.25;2023-02-13;n
Cerveja;Bebida;2;0.18;16.55;2023-02-01;n
Chocolate;Doce;10;0.1;69.87;2022-07-26;n
Papel Higiênico;Higiene;3;0.07;22.03;2023-04-14;n
Molho de Tomate;Condimentos;5;0.36;93.21;2020-05-11;n
Cerveja;Bebida;5;0.14;45.7;2022-10-05;n
Feijão;Grãos;6;0.44;14.38;2019-06-05;n
Molho de Tomate;Condimentos;6;0.08;58.79;2019-01-23;n
Sabão em Pó;Limpeza;2;0.33;57.97;2023-07-20;n
Chocolate;Doce;3;0.18;47.92;2019-09-14;n
Papel Higiênico;Higiene;7;0.45;21.25;2019-12-04;n
Água Mineral;Bebida;8;0.39;95.21;2020-03-08;n
Molho de Tomate;Condimentos;1;0.39;34.47;2019-03-15;n
Pão de Forma;Padaria;8;0.31;15.26;2021-01-16;n
Refrigerante;Bebida;9;0.04;6.55;2020-03-14;n
Papel Higiênico;Higiene;3;0.25;96.15;2020-07-09;n
Feijão;Grãos;6;0.43;49.48;2020-09-03;n
Leite;Laticínio;6;0.47;21.3;2022-05-13;n
Feijão;Grãos;4;0.37;92.06;2023-12-13;n
Cerveja;Bebida;5;0.08;10.71;2020-04-02;n
Cerveja;Bebida;8;0.44;15.25;2019-01-09;n
Refrigerante;Bebida;8;0.32;70.74;2021-09-26;n
Leite;Laticínio;8;0.28;54.06;2023-09-09;n
Shampoo;Higiene;4;0.35;80.27;2020-09-25;n
Leite;Laticínio;8;0.11;38.97;2021-11-16;n
Água Mineral;Bebida;3;0.47;75.38;2020-04-26;n
Detergente;Limpeza;10;0.35;28.83;2020-03-28;n
Queijo;Laticínio;9;0.07;58.91;2023-03-09;n
Detergente;Limpeza;6;0.05;39.72;2019-05-24;n
Arroz;Grãos;9;0.48;36.72;2022-10-27;n
Shampoo;Higiene;10;0.49;20.8;2020-09-25;n
Refrigerante;Bebida;2;0.27;88.81;2023-09-09;n
Queijo;Laticínio;10;0.43;29.36;2023-05-02;n
Água Mineral;Bebida;1;0.45;23.36;2021-01-05;n
Cerveja;Bebida;7;0.13;57.3;2021-02-03;n
Shampoo;Higiene;4;0.47;83.86;2022-11-23;n
Detergente;Limpeza;9;0.29;10.23;2022-03-21;n
Pão de Forma;Padaria;7;0.06;76.95;2020-05-23;n
Biscoito;Lanche;3;0.35;97.67;2019-06-17;n
Água Mineral;Bebida;1;0.1;68.64;2023-10-27;n
Queijo;Laticínio;10;0.32;70.8;2019-07-01;n
Feijão;Grãos;5;0.37;80.2;2019-06-21;n
Refrigerante;Bebida;7;0.16;55.51;2023-11-04;n
Condicionador;Higiene;8;0.01;52.83;2019-01-01;s
Pão de Forma;Padaria;3;0.29;25.63;2022-11-04;n
Macarrão;Massas;4;0.36;54.6;2019-01-30;n
Macarrão;Massas;8;0.24;46.34;2023-07-09;n
Condicionador;Higiene;10;0.02;7.75;2019-09-28;n
Refrigerante;Bebida;6;0.09;5.91;2020-09-12;n
Detergente;Limpeza;7;0.15;64.31;2022-02-17;n
Papel Higiênico;Higiene;8;0.47;74.17;2020-05-10;n
Pão de Forma;Padaria;2;0.03;22.9;2019-02-17;n
Biscoito;Lanche;1;0.19;14.47;2021-11-04;n
Macarrão;Massas;10.0;0.25;95.01;2021-11-25;n
Chocolate;Doce;7.0;0.09;60.91;2020-03-18;n
Refrigerante;Bebida;3.0;0.42;46.47;2023-03-23;n
Feijão;Grãos;5.0;0.13;33.19;2019-12-25;y
Refrigerante;Bebida;2.0;0.44;87.83;2019-05-01;y
Leite;Laticínio;1.0;0.41;6.72;2019-04-21;y
Papel Higiênico;Higiene;9.0;0.18;44.78;2019-05-01;y
Detergente;Limpeza;1.0;0.07;75.43;2019-04-21;y
Refrigerante;Bebida;3.0;0.02;99.89;2019-04-21;y
Arroz;Grãos;8.0;0.07;51.09;2019-10-12;y
Cerveja;Bebida;7.0;0.35;46.39;2019-10-12;y
Água Mineral;Bebida;5.0;0.46;55.12;2019-04-21;y
Cerveja;Bebida;3.0;0.38;30.22;2019-12-25;y
Queijo;Laticínio;6.0;0.24;47.66;2019-04-21;y
Papel Higiênico;Higiene;7.0;0.34;84.16;2019-10-12;y
Leite;Laticínio;5.0;0.03;67.64;2019-12-25;y
Papel Higiênico;Higiene;4.0;0.49;48.04;2019-05-01;y
Detergente;Limpeza;2.0;0.47;13.93;2019-01-01;y
Sabão em Pó;Limpeza;10.0;0.19;95.11;2019-04-21;y
Shampoo;Higiene;3.0;0.47;35.9;2019-12-25;y
Arroz;Grãos;8.0;0.39;91.21;2019-05-01;y
Condicionador;Higiene;6.0;0.45;80.4;2019-12-25;y
Cerveja;Bebida;1.0;0.09;78.7;2019-10-12;y
Biscoito;Lanche;5.0;0.14;97.72;2019-10-12;y
Cerveja;Bebida;3.0;0.34;53.7;2019-10-12;y
Feijão;Grãos;5.0;0.3;30.64;2019-11-15;y
Macarrão;Massas;3.0;0.1;77.82;2019-05-01;y
Papel Higiênico;Higiene;9.0;0.06;97.56;2019-01-01;y
Leite;Laticínio;3.0;0.42;73.04;2019-10-12;y
Molho de Tomate;Condimentos;10.0;0.3;68.42;2019-11-15;y
Pão de Forma;Padaria;1.0;0.47;23.19;2019-11-15;y
Shampoo;Higiene;8.0;0.23;25.94;2019-09-07;y
Condicionador;Higiene;10.0;0.26;5.57;2019-05-01;y
Refrigerante;Bebida;1.0;0.23;64.15;2019-01-01;y
Condicionador;Higiene;5.0;0.07;10.6;2019-05-01;y
Água Mineral;Bebida;9.0;0.37;60.22;2019-10-12;y
Feijão;Grãos;1.0;0.32;57.23;2019-01-01;y
Pão de Forma;Padaria;7.0;0.45;29.66;2019-05-01;y
Pão de Forma;Padaria;5.0;0.44;59.43;2019-04-21;y
Shampoo;Higiene;1.0;0.43;29.34;2019-04-21;y
Queijo;Laticínio;9.0;0.37;50.62;2019-09-07;y
Biscoito;Lanche;5.0;0.24;95.1;2019-09-07;y
Queijo;Laticínio;8.0;0.27;47.47;2019-12-25;y
Queijo;Laticínio;6.0;0.48;69.9;2019-01-01;y
Biscoito;Lanche;6.0;0.13;42.23;2019-05-01;y
Queijo;Laticínio;10.0;0.41;17.43;2019-05-01;y
Feijão;Grãos;5.0;0.19;97.86;2019-04-21;y
Leite;Laticínio;6.0;0.5;65.74;2019-12-25;y
Detergente;Limpeza;1.0;0.44;63.53;2019-01-01;y
Biscoito;Lanche;6.0;0.04;93.25;2019-09-07;y
Sabão em Pó;Limpeza;6.0;0.1;83.36;2020-08-04;n
Biscoito;Lanche;3.0;0.15;23.18;2021-07-20;n
Shampoo;Higiene;10.0;0.48;18.27;2021-07-12;n
Leite;Laticínio;4.0;0.18;10.72;2022-10-14;n
Pão de Forma;Padaria;5.0;0.19;39.45;2019-11-25;n
Arroz;Grãos;6.0;0.36;8.94;2020-12-15;n
Água Mineral;Bebida;4.0;0.17;37.48;2020-01-16;n
Cerveja;Bebida;4.0;0.34;40.16;2023-05-11;n
Queijo;Laticínio;10.0;0.07;26.94;2021-08-03;n
Leite;Laticínio;7.0;0.45;42.46;2023-03-13;n
Macarrão;Massas;3.0;0.09;93.67;2022-03-19;n
Feijão;Grãos;1.0;0.21;47.2;2020-09-15;n
Leite;Laticínio;1.0;0.48;21.56;2019-05-23;n
Leite;Laticínio;6.0;0.16;77.22;2023-02-04;n
Feijão;Grãos;7.0;0.19;29.05;2020-09-16;n
Refrigerante;Bebida;3.0;0.13;87.26;2019-10-22;n
Condicionador;Higiene;8.0;0.3;42.76;2020-11-23;n
Leite;Laticínio;10.0;0.43;35.88;2021-12-18;n
Chocolate;Doce;6.0;0.39;44.74;2019-01-25;n
Refrigerante;Bebida;9.0;0.01;45.39;2021-04-07;n
Pão de Forma;Padaria;2.0;0.01;55.28;2021-07-03;n
Chocolate;Doce;8.0;0.43;45.68;2020-08-06;n
Água Mineral;Bebida;9.0;0.42;30.4;2019-02-28;n
Shampoo;Higiene;1.0;0.09;72.1;2020-07-28;n
Detergente;Limpeza;2.0;0.49;37.7;2022-11-17;n
Papel Higiênico;Higiene;6.0;0.01;60.77;2019-10-25;n
Queijo;Laticínio;5.0;0.3;60.87;2022-11-22;n
Cerveja;Bebida;10.0;0.08;82.26;2019-02-04;n
Queijo;Laticínio;8.0;0.23;95.51;2019-03-27;n
Macarrão;Massas;9.0;0.17;66.09;2019-10-09;n
Água Mineral;Bebida;6.0;0.49;47.87;2022-10-02;n
Queijo;Laticínio;3.0;0.5;29.96;2021-06-20;n
Feijão;Grãos;6.0;0.17;30.9;2021-09-25;n
Biscoito;Lanche;3.0;0.46;93.97;2019-04-05;n
Molho de Tomate;Condimentos;9.0;0.39;49.85;2019-09-01;n
Molho de Tomate;Condimentos;6.0;0.2;13.69;2022-08-13;n
Shampoo;Higiene;10.0;0.33;15.01;2019-01-17;n
Papel Higiênico;Higiene;7.0;0.22;79.42;2023-08-17;n
Biscoito;Lanche;2.0;0.46;91.25;2021-09-23;n
Condicionador;Higiene;4.0;0.24;48.07;2019-02-07;n
Shampoo;Higiene;7.0;0.27;51.74;2022-09-13;n
Água Mineral;Bebida;2.0;0.42;71.07;2019-08-11;n
Molho de Tomate;Condimentos;9.0;0.1;35.57;2021-10-24;n
Molho de Tomate;Condimentos;1.0;0.18;32.01;2022-10-02;n
Feijão;Grãos;10.0;0.14;76.48;2023-07-22;n
Pão de Forma;Padaria;10.0;0.3;14.04;2019-05-20;n
Cerveja;Bebida;1.0;0.1;88.37;2019-01-11;n
Condicionador;Higiene;4.0;0.25;52.62;2022-05-28;n
Papel Higiênico;Higiene;10.0;0.0;62.37;2023-11-07;n
Água Mineral;Bebida;2.0;0.23;52.19;2023-05-04;n
Shampoo;Higiene;7.0;0.3;82.24;2020-09-25;n
Biscoito;Lanche;9.0;0.14;30.86;2020-03-20;n
Refrigerante;Bebida;1.0;0.24;10.92;2023-04-12;n
Refrigerante;Bebida;1.0;0.49;54.16;2019-07-15;n
Papel Higiênico;Higiene;9.0;0.08;23.24;2023-02-27;n
Arroz;Grãos;2.0;0.14;37.29;2019-03-12;n
Arroz;Grãos;10.0;0.14;12.89;2023-09-04;n
Arroz;Grãos;3.0;0.15;49.45;2022-07-16;n
Chocolate;Doce;9.0;0.49;51.72;2020-02-04;n
Cerveja;Bebida;9.0;0.19;49.34;2022-12-23;n
Pão de Forma;Padaria;6.0;0.37;19.81;2022-05-17;n
Água Mineral;Bebida;6.0;0.07;36.96;2021-09-22;n
Chocolate;Doce;9.0;0.05;87.28;2020-01-30;n
Feijão;Grãos;6.0;0.39;98.0;2023-03-08;n
Água Mineral;Bebida;8.0;0.38;99.35;2021-03-18;n
Arroz;Grãos;4.0;0.3;7.56;2021-12-05;n
Macarrão;Massas;1.0;0.21;89.31;2021-08-27;n
Sabão em Pó;Limpeza;4.0;0.3;91.83;2021-02-13;n
Shampoo;Higiene;6.0;0.02;67.72;2019-07-13;n
Pão de Forma;Padaria;1.0;0.24;21.62;2021-12-15;n
Leite;Laticínio;5.0;0.06;9.41;2019-11-02;n
Detergente;Limpeza;9.0;0.01;20.72;2019-08-29;n
Feijão;Grãos;7.0;0.11;75.96;2022-12-19;n
Refrigerante;Bebida;10.0;0.45;54.77;2020-09-10;n
Biscoito;Lanche;8.0;0.0;82.58;2023-07-03;n
Chocolate;Doce;10.0;0.34;68.41;2020-04-12;n
Pão de Forma;Padaria;1.0;0.06;67.57;2022-11-18;n
Molho de Tomate;Condimentos;10.0;0.39;45.89;2020-08-10;n
Água Mineral;Bebida;4.0;0.24;87.52;2023-10-15;n
Biscoito;Lanche;8.0;0.39;13.35;2022-10-03;n
Shampoo;Higiene;4.0;0.5;62.5;2019-09-02;n
Leite;Laticínio;10.0;0.5;93.92;2023-08-18;n
Shampoo;Higiene;5.0;0.23;83.82;2019-10-02;n
Shampoo;Higiene;7.0;0.22;80.72;2021-07-04;n
Queijo;Laticínio;4.0;0.2;31.11;2021-03-21;n
Arroz;Grãos;7.0;0.49;35.23;2020-07-08;n
Arroz;Grãos;10.0;0.49;48.28;2019-11-16;n
Queijo;Laticínio;1.0;0.25;31.92;2021-03-09;n
Detergente;Limpeza;3.0;0.18;58.33;2022-07-17;n
Queijo;Laticínio;5.0;0.27;58.78;2021-07-02;n
Cerveja;Bebida;2.0;0.11;61.09;2019-01-17;n
Biscoito;Lanche;5.0;0.48;55.19;2023-10-10;n
Arroz;Grãos;1.0;0.39;59.05;2021-02-03;n
Papel Higiênico;Higiene;5.0;0.07;30.0;2020-07-20;n
Feijão;Grãos;7.0;0.24;53.67;2019-01-16;n
Molho de Tomate;Condimentos;3.0;0.46;28.04;2021-01-19;n
Chocolate;Doce;6.0;0.25;25.99;2019-04-02;n
Papel Higiênico;Higiene;4.0;0.45;38.97;2021-04-24;n
Papel Higiênico;Higiene;6.0;0.48;17.91;2020-10-31;n
Biscoito;Lanche;1.0;0.03;88.02;2019-10-19;n
Cerveja;Bebida;2.0;0.45;19.92;2020-01-25;n
Água Mineral;Bebida;5.0;0.01;74.36;2020-08-03;n
Queijo;Laticínio;3.0;0.05;82.39;2020-04-16;n
Pão de Forma;Padaria;2.0;0.17;74.58;2019-09-17;n
Biscoito;Lanche;3.0;0.27;99.76;2023-10-05;n
Chocolate;Doce;1.0;0.5;40.62;2019-06-29;n
Cerveja;Bebida;3.0;0.17;60.93;2021-12-11;n
Papel Higiênico;Higiene;1.0;0.1;30.25;2019-01-08;n
Papel Higiênico;Higiene;10.0;0.41;78.99;2021-09-29;n
Detergente;Limpeza;10.0;0.07;15.27;2020-03-09;n
Biscoito;Lanche;6.0;0.09;53.53;2023-01-06;n
Chocolate;Doce;4.0;0.38;83.21;2023-04-27;n
Feijão;Grãos;7.0;0.11;49.95;2022-07-24;n
Sabão em Pó;Limpeza;7.0;0.44;92.24;2023-07-12;n
Chocolate;Doce;3.0;0.44;43.34;2021-01-29;n
Sabão em Pó;Limpeza;8.0;0.06;6.55;2022-04-02;n
Pão de Forma;Padaria;2.0;0.39;55.41;2021-08-04;n
Queijo;Laticínio;10.0;0.02;89.22;2022-09-10;n
Pão de Forma;Padaria;9.0;0.32;94.65;2022-11-24;n
Chocolate;Doce;2.0;0.45;54.77;2020-06-01;n
Pão de Forma;Padaria;4.0;0.18;36.29;2020-08-17;n
Cerveja;Bebida;10.0;0.04;62.11;2019-09-28;n
Leite;Laticínio;8.0;0.05;13.07;2021-05-31;n
Detergente;Limpeza;8.0;0.35;47.19;2020-12-24;n
Sabão em Pó;Limpeza;7.0;0.12;72.26;2023-05-25;n
Queijo;Laticínio;2.0;0.25;91.08;2021-09-08;n
Cerveja;Bebida;1.0;0.04;64.6;2022-06-04;n
Refrigerante;Bebida;8.0;0.39;23.77;2022-01-14;n
Condicionador;Higiene;2.0;0.3;84.2;2022-04-26;n
Macarrão;Massas;9.0;0.41;43.74;2019-06-19;n
Água Mineral;Bebida;10.0;0.28;29.92;2022-02-11;n
Macarrão;Massas;7.0;0.19;35.58;2021-06-07;n
Macarrão;Massas;8.0;0.03;31.25;2023-04-05;n
Chocolate;Doce;4.0;0.44;91.2;2019-03-24;n
Arroz;Grãos;6.0;0.13;34.3;2022-08-12;n
Biscoito;Lanche;8.0;0.5;26.65;2019-01-21;n
Biscoito;Lanche;2.0;0.26;18.23;2020-06-05;n
Chocolate;Doce;10.0;0.15;60.71;2019-10-14;n
Pão de Forma;Padaria;6.0;0.17;69.62;2020-10-27;n
Pão de Forma;Padaria;5.0;0.39;51.26;2022-02-07;n
Chocolate;Doce;4.0;0.18;14.8;2019-10-09;n
Sabão em Pó;Limpeza;8.0;0.26;47.6;2021-02-03;n
Arroz;Grãos;9.0;0.34;15.3;2022-12-21;n
Sabão em Pó;Limpeza;1.0;0.48;30.59;2022-07-14;n
Arroz;Grãos;10.0;0.47;84.32;2021-09-16;n
Papel Higiênico;Higiene;9.0;0.42;86.56;2019-01-22;n
Macarrão;Massas;4.0;0.21;93.09;2023-03-14;n
Molho de Tomate;Condimentos;10.0;0.26;11.29;2019-03-11;n
Detergente;Limpeza;7.0;0.13;45.94;2020-10-31;n
Molho de Tomate;Condimentos;9.0;0.1;82.75;2020-08-08;n
Macarrão;Massas;9.0;0.49;66.94;2020-08-20;n
Macarrão;Massas;4.0;0.26;12.59;2022-01-01;n
Condicionador;Higiene;3.0;0.19;8.76;2019-07-23;n
Pão de Forma;Padaria;2.0;0.41;75.7;2022-11-03;n
Detergente;Limpeza;9.0;0.17;56.87;2022-06-28;n
Biscoito;Lanche;6.0;0.42;56.96;2019-03-24;n
Refrigerante;Bebida;4.0;0.26;38.69;2019-10-19;n
Queijo;Laticínio;1.0;0.07;27.55;2019-11-04;n
Pão de Forma;Padaria;7.0;0.44;25.64;2019-11-22;n
Biscoito;Lanche;3.0;0.21;68.08;2023-12-03;n
Papel Higiênico;Higiene;4.0;0.27;91.53;2019-03-19;n
Biscoito;Lanche;8.0;0.01;21.7;2019-02-16;n
Detergente;Limpeza;9.0;0.12;41.72;2020-03-07;n
Biscoito;Lanche;5.0;0.01;90.44;2019-04-12;n
Molho de Tomate;Condimentos;10.0;0.36;69.33;2023-04-06;n
Papel Higiênico;Higiene;9.0;0.16;64.55;2021-08-23;n
Biscoito;Lanche;1.0;0.3;71.29;2020-11-27;n
Arroz;Grãos;5.0;0.28;56.54;2023-03-19;n
Biscoito;Lanche;2.0;0.16;70.79;2022-04-03;n
Biscoito;Lanche;1.0;0.01;77.98;2019-09-23;n
Queijo;Laticínio;8.0;0.4;8.6;2020-07-30;n
Shampoo;Higiene;1.0;0.13;80.95;2019-10-09;n
Sabão em Pó;Limpeza;5.0;0.1;39.22;2023-06-04;n
Molho de Tomate;Condimentos;9.0;0.43;84.15;2023-07-21;n
Shampoo;Higiene;8.0;0.18;24.03;2019-12-22;n
Pão de Forma;Padaria;4.0;0.45;88.2;2023-12-26;n
Condicionador;Higiene;6.0;0.0;68.35;2021-11-04;n
Água Mineral;Bebida;10.0;0.27;96.11;2020-07-16;n
Leite;Laticínio;8.0;0.21;8.99;2019-05-04;n
Queijo;Laticínio;6.0;0.3;85.19;2023-06-10;n
Shampoo;Higiene;5.0;0.31;97.56;2022-12-28;n
Cerveja;Bebida;3.0;0.19;56.8;2022-11-18;n
Cerveja;Bebida;8.0;0.13;6.51;2019-10-18;n
Macarrão;Massas;10.0;0.18;15.61;2020-08-06;n
Queijo;Laticínio;2.0;0.1;84.99;2020-04-09;n
Shampoo;Higiene;5.0;0.14;15.0;2022-11-14;n
Sabão em Pó;Limpeza;4.0;0.12;82.1;2019-11-28;n
Condicionador;Higiene;3.0;0.11;5.59;2020-02-22;n
Biscoito;Lanche;6.0;0.21;49.23;2020-12-07;n
Leite;Laticínio;1.0;0.11;58.36;2022-06-05;n
Cerveja;Bebida;5.0;0.48;38.07;2021-04-23;n
Shampoo;Higiene;8.0;0.39;98.11;2020-06-25;n
Água Mineral;Bebida;1.0;0.22;49.06;2022-04-09;n
Leite;Laticínio;3.0;0.38;68.23;2022-11-02;n
Macarrão;Massas;6.0;0.24;61.7;2019-03-23;n
Shampoo;Higiene;8.0;0.38;15.97;2023-12-04;n
Refrigerante;Bebida;5.0;0.21;34.9;2019-04-25;n
Macarrão;Massas;9.0;0.47;80.77;2019-03-03;n
Feijão;Grãos;4.0;0.31;14.91;2019-05-07;n
Papel Higiênico;Higiene;4.0;0.49;55.06;2021-09-15;n
Refrigerante;Bebida;8.0;0.22;93.78;2020-07-07;n
Molho de Tomate;Condimentos;10.0;0.44;14.62;2022-10-31;n
Arroz;Grãos;7.0;0.1;92.38;2021-08-31;n
Sabão em Pó;Limpeza;8.0;0.1;88.65;2023-11-12;n
Chocolate;Doce;8.0;0.44;64.17;2020-02-15;n
Condicionador;Higiene;4.0;0.05;79.54;2019-07-08;n
Macarrão;Massas;3.0;0.11;12.32;2021-08-07;n
Cerveja;Bebida;4.0;0.16;64.1;2021-10-29;n
Chocolate;Doce;4.0;0.48;24.75;2021-04-03;n
Refrigerante;Bebida;10.0;0.14;25.73;2023-03-16;n
Macarrão;Massas;2.0;0.07;58.4;2020-06-20;n
Shampoo;Higiene;10.0;0.2;72.53;2020-09-19;n
Leite;Laticínio;7.0;0.3;14.55;2020-08-23;n
Biscoito;Lanche;7.0;0.46;81.92;2023-04-27;n
Molho de Tomate;Condimentos;9.0;0.23;61.13;2021-09-11;n
Detergente;Limpeza;8.0;0.2;60.09;2023-07-04;n
Refrigerante;Bebida;2.0;0.43;15.02;2023-04-28;n
Detergente;Limpeza;9.0;0.15;70.55;2023-04-20;n
Água Mineral;Bebida;10.0;0.02;92.04;2023-05-07;n
Detergente;Limpeza;2.0;0.25;78.56;2020-12-06;n
Refrigerante;Bebida;5.0;0.22;34.88;2019-02-08;n
Papel Higiênico;Higiene;8.0;0.31;71.54;2022-04-29;n
Papel Higiênico;Higiene;2.0;0.26;23.22;2023-01-22;n
Detergente;Limpeza;3.0;0.19;39.83;2021-11-26;n
Arroz;Grãos;2.0;0.28;97.23;2019-05-16;n
Água Mineral;Bebida;1.0;0.13;98.28;2021-03-07;n
Biscoito;Lanche;9.0;0.47;35.66;2023-12-29;n
Shampoo;Higiene;5.0;0.48;85.08;2022-03-17;n
Papel Higiênico;Higiene;10.0;0.07;18.76;2021-08-19;n
Chocolate;Doce;5.0;0.0;8.01;2019-11-11;n
Detergente;Limpeza;8.0;0.17;85.13;2021-12-07;n
Detergente;Limpeza;9.0;0.29;9.71;2020-02-28;n
Detergente;Limpeza;2.0;0.46;27.66;2021-05-08;n
Feijão;Grãos;10.0;0.24;99.03;2019-09-09;n
Água Mineral;Bebida;10.0;0.01;36.77;2019-04-24;n
Pão de Forma;Padaria;1.0;0.24;84.66;2020-02-11;n
Chocolate;Doce;2.0;0.21;58.73;2020-07-01;n
Pão de Forma;Padaria;9.0;0.36;48.85;2022-07-24;n
Detergente;Limpeza;2.0;0.09;37.4;2021-06-12;n
Feijão;Grãos;5.0;0.4;31.68;2021-06-25;n
Feijão;Grãos;2.0;0.22;75.26;2023-11-16;n
Refrigerante;Bebida;8.0;0.34;36.26;2020-10-24;n
Sabão em Pó;Limpeza;5.0;0.26;88.25;2020-10-06;n
Shampoo;Higiene;9.0;0.38;75.52;2019-02-12;n
Molho de Tomate;Condimentos;10.0;0.03;72.2;2022-11-15;n
Queijo;Laticínio;2.0;0.48;21.8;2020-07-14;n
Chocolate;Doce;2.0;0.06;67.47;2021-05-10;n
Refrigerante;Bebida;4.0;0.37;80.17;2020-10-01;n
Pão de Forma;Padaria;6.0;0.46;75.76;2023-01-05;n
Macarrão;Massas;9.0;0.14;55.28;2022-02-10;n
Papel Higiênico;Higiene;6.0;0.02;21.52;2022-03-30;n
Chocolate;Doce;7.0;0.15;19.5;2023-08-02;n
Chocolate;Doce;9.0;0.11;41.86;2019-11-09;n
Sabão em Pó;Limpeza;2.0;0.0;21.42;2023-07-24;n
Sabão em Pó;Limpeza;9.0;0.28;56.13;2019-11-16;n
Molho de Tomate;Condimentos;5.0;0.48;23.9;2023-12-16;n
Chocolate;Doce;5.0;0.14;84.54;2021-02-02;n
Água Mineral;Bebida;6.0;0.35;52.55;2023-09-18;n
Arroz;Grãos;10.0;0.35;40.68;2023-07-12;n
Cerveja;Bebida;2.0;0.06;52.32;2022-08-27;n
Arroz;Grãos;8.0;0.3;6.07;2021-10-20;n
Queijo;Laticínio;10.0;0.07;20.28;2020-04-17;n
Papel Higiênico;Higiene;5.0;0.46;60.54;2019-10-27;n
Shampoo;Higiene;7.0;0.37;43.53;2019-08-07;n
Molho de Tomate;Condimentos;1.0;0.08;92.16;2023-04-23;n
Detergente;Limpeza;5.0;0.1;28.1;2019-03-18;n
Leite;Laticínio;1.0;0.17;5.02;2023-10-01;n
Detergente;Limpeza;2.0;0.32;25.8;2023-03-03;n
Refrigerante;Bebida;5.0;0.03;82.48;2023-10-05;n
Macarrão;Massas;1.0;0.01;87.5;2022-06-12;n
Pão de Forma;Padaria;2.0;0.5;65.68;2020-08-22;n
Cerveja;Bebida;6.0;0.11;12.32;2020-08-01;n
Queijo;Laticínio;10.0;0.21;22.1;2023-01-12;n
Condicionador;Higiene;2.0;0.3;27.35;2021-03-21;n
Papel Higiênico;Higiene;7.0;0.09;82.26;2020-09-30;n
Feijão;Grãos;6.0;0.19;99.66;2022-11-03;n
Detergente;Limpeza;6.0;0.37;90.78;2022-04-20;n
Chocolate;Doce;3.0;0.07;97.66;2021-07-04;n
Detergente;Limpeza;8.0;0.33;98.74;2022-06-20;n
Shampoo;Higiene;4.0;0.22;55.13;2021-05-29;n
Chocolate;Doce;1.0;0.46;7.46;2021-12-15;n
Cerveja;Bebida;2.0;0.14;22.38;2019-06-20;n
Macarrão;Massas;10.0;0.37;82.85;2022-03-31;n
Molho de Tomate;Condimentos;5.0;0.32;52.94;2019-10-13;n
Leite;Laticínio;2.0;0.11;82.64;2023-01-19;n
Água Mineral;Bebida;1.0;0.29;34.64;2022-11-07;n
Arroz;Grãos;2.0;0.03;50.63;2021-11-21;n
Refrigerante;Bebida;10.0;0.23;66.04;2021-09-13;n
Água Mineral;Bebida;4.0;0.04;66.2;2023-05-27;n
Detergente;Limpeza;10.0;0.21;62.61;2020-09-11;n
Água Mineral;Bebida;5.0;0.29;15.58;2023-07-26;n
Molho de Tomate;Condimentos;4.0;0.48;20.4;2021-08-11;n
Feijão;Grãos;1.0;0.35;10.52;2022-11-20;n
Queijo;Laticínio;6.0;0.13;16.65;2022-05-01;n
Arroz;Grãos;10.0;0.13;25.23;2023-12-05;n
Pão de Forma;Padaria;5.0;0.05;75.46;2021-03-07;n
Molho de Tomate;Condimentos;10.0;0.11;73.08;2019-03-23;n
Queijo;Laticínio;1.0;0.1;69.84;2019-12-31;n
Sabão em Pó;Limpeza;1.0;0.17;70.59;2021-08-07;n
Queijo;Laticínio;3.0;0.43;96.0;2022-09-24;n
Biscoito;Lanche;10.0;0.3;63.06;2019-05-11;n
Leite;Laticínio;3.0;0.34;38.8;2021-04-21;n
Refrigerante;Bebida;3.0;0.19;54.79;2022-05-08;n
Condicionador;Higiene;8.0;0.43;87.94;2022-11-28;n
Leite;Laticínio;6.0;0.49;37.79;2021-08-17;n
Arroz;Grãos;3.0;0.07;80.82;2019-09-10;n
Condicionador;Higiene;3.0;0.31;59.09;2021-03-22;n
Macarrão;Massas;8.0;0.23;35.32;2019-08-11;n
Chocolate;Doce;6.0;0.38;62.57;2021-12-27;n
Cerveja;Bebida;9.0;0.48;68.58;2023-03-20;n
Feijão;Grãos;2.0;0.03;71.9;2019-01-14;n
Queijo;Laticínio;7.0;0.41;24.79;2021-10-06;n
Queijo;Laticínio;10.0;0.44;17.25;2022-12-15;n
Feijão;Grãos;4.0;0.45;98.27;2020-01-20;n
Leite;Laticínio;4.0;0.26;52.87;2023-09-22;n
Papel Higiênico;Higiene;9.0;0.2;29.97;2019-08-25;n
Sabão em Pó;Limpeza;7.0;0.34;98.23;2023-02-01;n
Biscoito;Lanche;7.0;0.24;33.33;2022-12-24;n
Biscoito;Lanche;4.0;0.28;90.64;2019-03-13;n
Feijão;Grãos;7.0;0.06;29.78;2021-07-27;n
Detergente;Limpeza;2.0;0.3;66.78;2019-07-24;n
Condicionador;Higiene;8.0;0.49;27.27;2019-06-07;n
Água Mineral;Bebida;1.0;0.29;65.9;2022-01-17;n
Pão de Forma;Padaria;3.0;0.12;91.66;2019-08-18;n
Cerveja;Bebida;5.0;0.15;62.39;2023-07-19;n
Chocolate;Doce;1.0;0.09;54.11;2023-07-06;n
Arroz;Grãos;10.0;0.2;74.64;2021-12-26;n
Condicionador;Higiene;9.0;0.2;65.51;2021-10-05;n
Biscoito;Lanche;5.0;0.15;48.94;2022-12-29;n
Condicionador;Higiene;10.0;0.33;65.47;2021-08-26;n
Pão de Forma;Padaria;8.0;0.1;34.98;2019-04-20;n
Papel Higiênico;Higiene;3.0;0.0;36.22;2021-05-02;n
Cerveja;Bebida;1.0;0.15;24.1;2019-03-14;n
Detergente;Limpeza;8.0;0.11;9.16;2019-06-25;n
Leite;Laticínio;7.0;0.36;37.85;2022-09-26;n
Biscoito;Lanche;3.0;0.25;71.15;2021-09-11;n
Refrigerante;Bebida;10.0;0.0;51.18;2019-10-15;n
Água Mineral;Bebida;4.0;0.44;78.53;2023-01-18;n
Biscoito;Lanche;5.0;0.47;23.67;2020-11-27;n
Queijo;Laticínio;3.0;0.09;72.18;2022-07-10;n
Refrigerante;Bebida;2.0;0.18;66.19;2020-03-08;n
Shampoo;Higiene;2.0;0.29;74.49;2022-12-04;n
Shampoo;Higiene;9.0;0.05;41.86;2022-01-18;n
Sabão em Pó;Limpeza;6.0;0.0;58.34;2022-01-02;n
Pão de Forma;Padaria;9.0;0.28;14.45;2022-07-24;n
Macarrão;Massas;3.0;0.14;26.93;2022-12-23;n
Feijão;Grãos;7.0;0.49;54.57;2023-06-16;n
Sabão em Pó;Limpeza;3.0;0.26;18.38;2021-09-20;n
Papel Higiênico;Higiene;5.0;0.06;48.72;2020-05-28;n
Arroz;Grãos;8.0;0.15;32.89;2023-09-04;n
Chocolate;Doce;1.0;0.07;51.43;2019-02-18;n
Condicionador;Higiene;7.0;0.15;67.26;2022-09-05;n
Condicionador;Higiene;8.0;0.48;66.38;2023-01-13;n
Biscoito;Lanche;8.0;0.21;59.38;2019-07-19;n
Arroz;Grãos;9.0;0.02;12.17;2019-11-15;y
Água Mineral;Bebida;1.0;0.14;37.18;2019-03-16;n
Leite;Laticínio;6.0;0.02;17.73;2021-09-27;n
Água Mineral;Bebida;9.0;0.36;14.46;2022-11-27;n
Condicionador;Higiene;1.0;0.1;29.27;2019-03-22;n
Papel Higiênico;Higiene;9.0;0.21;15.63;2022-04-07;n
Feijão;Grãos;9.0;0.18;38.19;2022-08-14;n
Cerveja;Bebida;4.0;0.16;97.88;2021-01-14;n
Detergente;Limpeza;7.0;0.03;86.47;2020-07-24;n
Arroz;Grãos;3.0;0.49;98.01;2023-11-07;n
Condicionador;Higiene;8.0;0.26;86.18;2022-01-13;n
Papel Higiênico;Higiene;8.0;0.21;42.11;2021-05-29;n
Papel Higiênico;Higiene;5.0;0.11;91.38;2020-08-13;n
Sabão em Pó;Limpeza;6.0;0.43;18.83;2020-06-06;n
Chocolate;Doce;4.0;0.12;7.46;2023-05-27;n
Queijo;Laticínio;4.0;0.36;95.43;2019-08-15;n
Macarrão;Massas;1.0;0.06;42.55;2020-02-13;n
Papel Higiênico;Higiene;5.0;0.24;97.36;2022-09-17;n
Arroz;Grãos;8.0;0.49;64.77;2019-07-17;n
Biscoito;Lanche;7.0;0.46;94.37;2023-09-15;n
Pão de Forma;Padaria;5.0;0.21;92.86;2021-01-05;n
Detergente;Limpeza;6.0;0.01;29.48;2021-04-17;n
Queijo;Laticínio;3.0;0.44;47.79;2021-11-30;n
Biscoito;Lanche;7.0;0.13;69.05;2019-06-11;n
Pão de Forma;Padaria;1.0;0.14;64.69;2023-04-19;n
Pão de Forma;Padaria;7.0;0.24;83.03;2020-03-26;n
Molho de Tomate;Condimentos;6.0;0.26;7.32;2023-09-25;n
Pão de Forma;Padaria;5.0;0.34;77.18;2019-01-12;n
Água Mineral;Bebida;1.0;0.4;43.32;2021-10-01;n
Chocolate;Doce;9.0;0.01;61.11;2019-11-13;n
Cerveja;Bebida;9.0;0.14;55.63;2022-01-02;n
Shampoo;Higiene;4.0;0.33;28.52;2022-07-02;n
Papel Higiênico;Higiene;4.0;0.08;76.19;2021-07-20;n
Refrigerante;Bebida;5.0;0.02;22.99;2022-10-08;n
Papel Higiênico;Higiene;6.0;0.21;83.0;2021-03-28;n
Condicionador;Higiene;8.0;0.32;39.5;2019-08-14;n
Leite;Laticínio;8.0;0.38;31.49;2022-06-11;n
Pão de Forma;Padaria;1.0;0.34;36.82;2019-03-30;n
Papel Higiênico;Higiene;7.0;0.47;68.44;2021-11-25;n
Molho de Tomate;Condimentos;1.0;0.22;40.14;2019-11-27;n
Shampoo;Higiene;5.0;0.05;71.14;2022-02-18;n
Água Mineral;Bebida;10.0;0.24;34.63;2021-11-11;n
Molho de Tomate;Condimentos;4.0;0.34;61.35;2022-04-06;n
Arroz;Grãos;9.0;0.24;47.24;2019-05-20;n
Molho de Tomate;Condimentos;8.0;0.11;84.07;2022-10-15;n
Shampoo;Higiene;7.0;0.41;81.77;2019-08-24;n
Molho de Tomate;Condimentos;4.0;0.3;36.59;2022-07-15;n
Molho de Tomate;Condimentos;4.0;0.1;34.43;2023-07-15;n
Shampoo;Higiene;9.0;0.27;28.57;2022-05-05;n
Cerveja;Bebida;2.0;0.24;19.18;2019-12-31;n
Condicionador;Higiene;9.0;0.02;92.93;2021-09-25;n
Biscoito;Lanche;7.0;0.39;60.8;2022-08-13;n
Condicionador;Higiene;4.0;0.24;67.03;2022-08-19;n
Biscoito;Lanche;1.0;0.3;19.01;2022-11-30;n
Shampoo;Higiene;6.0;0.25;38.15;2021-06-09;n
Papel Higiênico;Higiene;5.0;0.27;6.47;2021-03-05;n
Sabão em Pó;Limpeza;2.0;0.11;49.29;2020-03-06;n
Pão de Forma;Padaria;3.0;0.38;11.91;2022-12-29;n
Biscoito;Lanche;5.0;0.27;84.87;2022-08-04;n
Detergente;Limpeza;3.0;0.46;80.82;2021-06-29;n
Sabão em Pó;Limpeza;5.0;0.26;64.47;2023-10-31;n
Condicionador;Higiene;10.0;0.14;75.54;2022-02-05;n
Arroz;Grãos;7.0;0.06;72.69;2023-04-26;n
Biscoito;Lanche;1.0;0.31;90.47;2020-03-10;n
Feijão;Grãos;3.0;0.26;99.03;2020-10-12;n
Papel Higiênico;Higiene;9.0;0.08;91.78;2019-01-05;n
Molho de Tomate;Condimentos;10.0;0.16;44.04;2023-09-12;n
Papel Higiênico;Higiene;1.0;0.21;19.83;2023-09-16;n
Macarrão;Massas;2.0;0.44;50.3;2022-09-27;n
Chocolate;Doce;5.0;0.41;81.23;2019-06-01;n
Feijão;Grãos;4.0;0.07;59.3;2019-09-06;n
Papel Higiênico;Higiene;7.0;0.41;96.1;2023-03-08;n
Condicionador;Higiene;4.0;0.45;62.17;2020-04-17;n
Pão de Forma;Padaria;6.0;0.49;18.39;2019-09-16;n
Arroz;Grãos;6.0;0.5;72.63;2023-03-12;n
Feijão;Grãos;4.0;0.4;80.09;2019-04-07;n
Refrigerante;Bebida;8.0;0.4;48.32;2020-10-30;n
Detergente;Limpeza;8.0;0.25;84.64;2020-08-06;n
Condicionador;Higiene;8.0;0.13;90.15;2022-11-05;n
Refrigerante;Bebida;9.0;0.39;42.87;2022-10-13;n
Chocolate;Doce;2.0;0.2;45.05;2020-02-14;n
Refrigerante;Bebida;5.0;0.4;64.53;2021-10-11;n
Shampoo;Higiene;10.0;0.38;80.9;2019-10-08;n
Condicionador;Higiene;1.0;0.09;5.14;2023-03-28;n
Detergente;Limpeza;5.0;0.09;92.13;2022-09-12;n
Macarrão;Massas;9.0;0.19;38.77;2021-07-20;n
Refrigerante;Bebida;4.0;0.17;18.52;2022-07-25;n
Queijo;Laticínio;6.0;0.3;83.11;2019-12-27;n
Leite;Laticínio;10.0;0.04;27.53;2020-11-13;n
Detergente;Limpeza;1.0;0.07;17.95;2023-03-15;n
Macarrão;Massas;2.0;0.15;91.22;2023-03-18;n
Condicionador;Higiene;6.0;0.25;68.91;2023-09-12;n
Detergente;Limpeza;3.0;0.27;28.27;2020-10-22;n
Condicionador;Higiene;8.0;0.16;23.63;2020-07-02;n
Água Mineral;Bebida;6.0;0.21;34.83;2023-01-02;n
Refrigerante;Bebida;10.0;0.3;53.78;2021-05-17;n
Biscoito;Lanche;6.0;0.27;78.97;2020-12-29;n
Cerveja;Bebida;4.0;0.31;90.48;2019-01-12;n
Sabão em Pó;Limpeza;9.0;0.14;11.86;2020-10-10;n
Cerveja;Bebida;2.0;0.47;81.93;2023-04-29;n
Sabão em Pó;Limpeza;2.0;0.44;63.79;2019-09-22;n
Refrigerante;Bebida;3.0;0.31;11.39;2023-04-25;n
Feijão;Grãos;4.0;0.1;8.53;2019-12-16;n
Cerveja;Bebida;2.0;0.47;21.98;2019-06-03;n
Detergente;Limpeza;6.0;0.19;70.98;2019-03-03;n
Condicionador;Higiene;7.0;0.5;81.76;2020-04-24;n
Shampoo;Higiene;4.0;0.31;99.91;2023-04-22;n
Biscoito;Lanche;10.0;0.33;47.65;2019-01-24;n
Leite;Laticínio;10.0;0.01;33.79;2023-08-27;n
Queijo;Laticínio;4.0;0.16;95.19;2019-08-02;n
Detergente;Limpeza;7.0;0.2;35.13;2020-02-08;n
Água Mineral;Bebida;4.0;0.49;99.66;2022-04-09;n
Queijo;Laticínio;1.0;0.31;35.06;2023-11-12;n
Leite;Laticínio;3.0;0.18;88.97;2020-01-27;n
Detergente;Limpeza;6.0;0.28;99.2;2019-09-09;n
Arroz;Grãos;6.0;0.29;89.02;2023-11-16;n
Shampoo;Higiene;10.0;0.24;5.29;2021-08-11;n
Feijão;Grãos;8.0;0.29;23.01;2020-02-19;n
Detergente;Limpeza;9.0;0.22;83.58;2023-05-25;n
Queijo;Laticínio;6.0;0.14;14.31;2023-01-25;n
Condicionador;Higiene;8.0;0.2;71.06;2022-12-21;n
Feijão;Grãos;5.0;0.05;5.07;2022-06-16;n
Molho de Tomate;Condimentos;7.0;0.31;54.05;2022-01-01;n
Feijão;Grãos;6.0;0.26;29.98;2023-08-19;n
Papel Higiênico;Higiene;7.0;0.34;12.03;2022-11-25;n
Feijão;Grãos;5.0;0.31;5.56;2019-02-03;n
Leite;Laticínio;4.0;0.11;7.23;2019-04-06;n
Água Mineral;Bebida;3.0;0.0;12.53;2023-01-14;n
Condicionador;Higiene;2.0;0.4;32.89;2019-12-27;n
Sabão em Pó;Limpeza;9.0;0.3;55.88;2022-07-14;n
Sabão em Pó;Limpeza;7.0;0.32;14.37;2020-11-27;n
Pão de Forma;Padaria;4.0;0.09;26.57;2022-11-12;n
Condicionador;Higiene;9.0;0.01;33.02;2020-07-25;n
Shampoo;Higiene;3.0;0.23;64.33;2019-11-16;n
Shampoo;Higiene;9.0;0.35;65.63;2020-11-07;n
Condicionador;Higiene;1.0;0.39;60.3;2019-12-17;n
Condicionador;Higiene;10.0;0.1;43.2;2019-07-15;n
Queijo;Laticínio;5.0;0.4;31.15;2022-06-12;n
Feijão;Grãos;2.0;0.32;72.19;2019-01-15;n
Molho de Tomate;Condimentos;3.0;0.06;5.03;2020-03-15;n
Sabão em Pó;Limpeza;10.0;0.37;29.61;2020-05-12;n
Pão de Forma;Padaria;8.0;0.19;93.7;2021-02-03;n
Leite;Laticínio;2.0;0.4;48.85;2019-05-12;n
Leite;Laticínio;2.0;0.22;9.24;2019-11-07;n
Molho de Tomate;Condimentos;2.0;0.13;28.05;2022-11-16;n
Cerveja;Bebida;6.0;0.24;66.92;2023-06-03;n
Leite;Laticínio;7.0;0.31;6.5;2023-06-30;n
Água Mineral;Bebida;5.0;0.13;68.97;2021-03-12;n
Biscoito;Lanche;6.0;0.28;85.18;2023-12-05;n
Água Mineral;Bebida;9.0;0.13;53.22;2020-03-26;n
Condicionador;Higiene;7.0;0.23;58.68;2020-12-26;n
Condicionador;Higiene;6.0;0.22;44.79;2023-01-31;n
Shampoo;Higiene;1.0;0.29;33.31;2021-03-14;n
Chocolate;Doce;6.0;0.18;19.11;2022-02-18;n
Queijo;Laticínio;6.0;0.05;8.24;2023-04-02;n
Biscoito;Lanche;2.0;0.19;94.27;2020-04-20;n
Detergente;Limpeza;7.0;0.41;54.2;2019-02-14;n
Condicionador;Higiene;8.0;0.25;36.5;2023-04-27;n
Condicionador;Higiene;7.0;0.35;64.82;2022-01-28;n
Macarrão;Massas;8.0;0.02;13.37;2022-09-14;n
Papel Higiênico;Higiene;2.0;0.36;84.49;2023-01-07;n
Sabão em Pó;Limpeza;4.0;0.11;22.59;2023-11-23;n
Shampoo;Higiene;1.0;0.23;88.58;2019-05-26;n
Feijão;Grãos;1.0;0.35;35.5;2021-09-11;n
Detergente;Limpeza;2.0;0.1;20.09;2020-02-19;n
Biscoito;Lanche;8.0;0.39;59.38;2023-06-02;n
Shampoo;Higiene;8.0;0.21;18.53;2021-04-01;n
Biscoito;Lanche;2.0;0.46;42.79;2021-09-01;n
Detergente;Limpeza;1.0;0.05;40.44;2020-06-30;n
Arroz;Grãos;1.0;0.11;46.49;2023-04-08;n
Condicionador;Higiene;8.0;0.42;96.92;2022-09-08;n
Água Mineral;Bebida;4.0;0.33;13.93;2019-07-12;n
Molho de Tomate;Condimentos;8.0;0.17;52.68;2023-03-20;n
Refrigerante;Bebida;10.0;0.3;98.73;2021-05-19;n
Refrigerante;Bebida;9.0;0.47;74.28;2023-05-29;n
Molho de Tomate;Condimentos;3.0;0.24;36.1;2020-08-06;n
Molho de Tomate;Condimentos;4.0;0.36;31.33;2019-11-23;n
Pão de Forma;Padaria;3.0;0.23;85.02;2020-04-11;n
Água Mineral;Bebida;5.0;0.42;86.68;2021-08-13;n
Cerveja;Bebida;5.0;0.01;65.43;2020-02-05;n
Refrigerante;Bebida;6.0;0.1;34.59;2023-12-18;n
Macarrão;Massas;10.0;0.42;34.17;2022-06-03;n
Sabão em Pó;Limpeza;2.0;0.11;74.12;2023-07-17;n
Cerveja;Bebida;1.0;0.15;12.35;2023-07-20;n
Sabão em Pó;Limpeza;10.0;0.33;78.93;2020-05-31;n
Leite;Laticínio;6.0;0.29;5.75;2022-03-15;n
Condicionador;Higiene;2.0;0.23;64.01;2020-04-28;n
Feijão;Grãos;10.0;0.3;71.11;2022-06-19;n
Shampoo;Higiene;2.0;0.01;12.41;2020-07-17;n
Shampoo;Higiene;9.0;0.47;24.08;2022-07-25;n
Arroz;Grãos;8.0;0.04;72.21;2022-06-07;n
Cerveja;Bebida;3.0;0.21;8.49;2022-01-07;n
Papel Higiênico;Higiene;10.0;0.33;23.06;2022-02-26;n
Shampoo;Higiene;7.0;0.35;30.16;2021-11-16;n
Refrigerante;Bebida;6.0;0.03;50.65;2022-02-24;n
Biscoito;Lanche;4.0;0.05;33.51;2021-08-13;n
Macarrão;Massas;9.0;0.2;11.0;2019-01-24;n
Papel Higiênico;Higiene;3.0;0.37;28.62;2022-07-17;n
Condicionador;Higiene;3.0;0.23;54.99;2022-03-12;n
Condicionador;Higiene;1.0;0.19;26.3;2021-12-20;n
Cerveja;Bebida;1.0;0.37;36.32;2023-08-22;n
Refrigerante;Bebida;4.0;0.13;51.27;2021-11-07;n
Shampoo;Higiene;4.0;0.04;59.11;2020-09-02;n
Condicionador;Higiene;7.0;0.36;99.23;2020-08-04;n
Biscoito;Lanche;2.0;0.13;57.99;2023-03-06;n
Sabão em Pó;Limpeza;8.0;0.34;86.99;2019-07-01;n
Cerveja;Bebida;6.0;0.32;96.86;2023-02-05;n
Papel Higiênico;Higiene;10.0;0.03;20.45;2023-01-26;n
Detergente;Limpeza;1.0;0.34;99.52;2020-09-26;n
Shampoo;Higiene;10.0;0.27;53.9;2020-03-14;n
Leite;Laticínio;2.0;0.32;22.12;2023-06-06;n
Condicionador;Higiene;6.0;0.16;17.86;2022-08-26;n
Água Mineral;Bebida;3.0;0.09;77.95;2020-09-23;n
Detergente;Limpeza;6.0;0.11;78.43;2019-04-17;n
Biscoito;Lanche;5.0;0.04;74.88;2022-12-09;n
Refrigerante;Bebida;4.0;0.44;74.17;2019-09-24;n
Papel Higiênico;Higiene;2.0;0.34;86.1;2023-10-05;n
Leite;Laticínio;10.0;0.1;33.95;2021-06-15;n
Queijo;Laticínio;4.0;0.13;30.84;2020-12-01;n
Shampoo;Higiene;1.0;0.47;80.31;2023-12-09;n
Sabão em Pó;Limpeza;3.0;0.03;67.89;2020-09-27;n
Água Mineral;Bebida;3.0;0.08;61.6;2022-08-16;n
Refrigerante;Bebida;8.0;0.06;23.58;2021-08-11;n
Condicionador;Higiene;7.0;0.17;55.59;2022-10-31;n
Macarrão;Massas;10.0;0.47;87.32;2022-04-12;n
Água Mineral;Bebida;2.0;0.11;58.23;2021-03-27;n
Chocolate;Doce;6.0;0.17;23.59;2019-01-10;n
Refrigerante;Bebida;4.0;0.25;33.9;2023-04-29;n
Refrigerante;Bebida;2.0;0.12;58.55;2021-06-05;n
Papel Higiênico;Higiene;4.0;0.11;69.37;2022-05-06;n
Papel Higiênico;Higiene;2.0;0.43;92.73;2019-08-29;n
Papel Higiênico;Higiene;7.0;0.03;7.02;2023-04-08;n
Macarrão;Massas;6.0;0.4;63.49;2020-06-27;n
Pão de Forma;Padaria;10.0;0.38;46.83;2023-03-09;n
Condicionador;Higiene;9.0;0.44;28.15;2020-03-14;n
Condicionador;Higiene;9.0;0.19;34.55;2021-09-03;n
Queijo;Laticínio;3.0;0.49;20.19;2019-12-11;n
Detergente;Limpeza;7.0;0.4;66.33;2022-04-16;n
Biscoito;Lanche;10.0;0.3;14.63;2023-10-10;n
Feijão;Grãos;2.0;0.27;70.71;2021-04-22;n
Biscoito;Lanche;3.0;0.39;98.06;2022-11-01;n
Molho de Tomate;Condimentos;8.0;0.47;74.63;2022-06-12;n
Chocolate;Doce;8.0;0.26;27.59;2021-01-30;n
Leite;Laticínio;4.0;0.34;90.44;2021-06-24;n
Detergente;Limpeza;10.0;0.26;53.04;2019-06-29;n
Feijão;Grãos;10.0;0.0;42.99;2021-01-31;n
Pão de Forma;Padaria;9.0;0.16;96.4;2023-08-16;n
Shampoo;Higiene;6.0;0.2;91.1;2021-10-14;n
Arroz;Grãos;7.0;0.02;98.55;2019-02-20;n
Cerveja;Bebida;8.0;0.46;63.51;2023-08-27;n
Papel Higiênico;Higiene;4.0;0.02;76.65;2020-03-23;n
Papel Higiênico;Higiene;4.0;0.37;90.03;2019-01-24;n
Sabão em Pó;Limpeza;5.0;0.43;33.06;2019-09-14;n
Chocolate;Doce;4.0;0.47;42.39;2022-02-04;n
Queijo;Laticínio;7.0;0.23;83.64;2019-05-18;n
Papel Higiênico;Higiene;3.0;0.34;78.63;2023-10-04;n
Feijão;Grãos;3.0;0.41;48.99;2020-01-14;n
Feijão;Grãos;9.0;0.08;44.95;2019-08-05;n
Papel Higiênico;Higiene;4.0;0.17;47.87;2022-01-04;n
Shampoo;Higiene;8.0;0.04;22.74;2022-01-14;n
Queijo;Laticínio;7.0;0.34;35.6;2020-06-17;n
Chocolate;Doce;7.0;0.13;89.33;2021-09-27;n
Queijo;Laticínio;5.0;0.2;79.15;2022-10-10;n
Cerveja;Bebida;8.0;0.19;50.89;2021-10-27;n
Feijão;Grãos;10.0;0.37;87.92;2021-12-26;n
Papel Higiênico;Higiene;2.0;0.41;17.36;2019-06-07;n
Arroz;Grãos;3.0;0.14;76.04;2020-05-16;n
Cerveja;Bebida;8.0;0.28;42.53;2022-02-22;n
Feijão;Grãos;10.0;0.42;32.99;2022-11-19;n
Detergente;Limpeza;7.0;0.46;41.3;2022-05-29;n
Água Mineral;Bebida;10.0;0.43;46.78;2020-04-28;n
Condicionador;Higiene;1.0;0.06;33.71;2023-05-26;n
Papel Higiênico;Higiene;10.0;0.32;50.92;2020-01-09;n
Feijão;Grãos;5.0;0.32;27.41;2023-11-19;n
Feijão;Grãos;6.0;0.32;37.75;2019-10-16;n
Chocolate;Doce;8.0;0.34;97.6;2021-04-20;n
Detergente;Limpeza;6.0;0.47;8.95;2020-11-14;n
Leite;Laticínio;7.0;0.47;87.81;2023-02-09;n
Macarrão;Massas;2.0;0.33;35.39;2020-02-29;n
Cerveja;Bebida;5.0;0.5;39.13;2021-02-28;n
Sabão em Pó;Limpeza;6.0;0.31;92.57;2021-04-22;n
Shampoo;Higiene;8.0;0.07;25.16;2022-04-19;n
Queijo;Laticínio;8.0;0.43;32.67;2020-03-28;n
Molho de Tomate;Condimentos;9.0;0.06;41.4;2021-02-10;n
Condicionador;Higiene;2.0;0.3;81.98;2020-03-20;n
Detergente;Limpeza;1.0;0.3;29.78;2020-12-22;n
Pão de Forma;Padaria;4.0;0.06;84.19;2023-04-29;n
Detergente;Limpeza;3.0;0.34;64.14;2022-05-21;n
Arroz;Grãos;7.0;0.04;48.04;2022-03-31;n
Chocolate;Doce;7.0;0.03;23.87;2020-01-30;n
Refrigerante;Bebida;7.0;0.49;41.12;2019-03-15;n
Molho de Tomate;Condimentos;6.0;0.4;68.58;2022-10-31;n
Leite;Laticínio;2.0;0.17;98.0;2020-11-18;n
Arroz;Grãos;7.0;0.23;49.11;2023-05-10;n
Leite;Laticínio;8.0;0.44;13.39;2022-10-03;n
Feijão;Grãos;6.0;0.36;30.84;2020-01-27;n
Papel Higiênico;Higiene;6.0;0.31;99.06;2023-04-12;n
Macarrão;Massas;9.0;0.16;43.33;2021-09-13;n
Água Mineral;Bebida;5.0;0.25;88.64;2023-05-08;n
Cerveja;Bebida;8.0;0.12;41.93;2023-12-03;n
Sabão em Pó;Limpeza;1.0;0.37;27.95;2020-10-15;n
Condicionador;Higiene;1.0;0.4;99.5;2019-03-25;n
Pão de Forma;Padaria;1.0;0.31;54.53;2019-08-30;n
Leite;Laticínio;7.0;0.37;33.06;2020-03-04;n
Detergente;Limpeza;4.0;0.05;64.8;2022-01-04;n
Condicionador;Higiene;3.0;0.3;27.07;2021-07-06;n
Queijo;Laticínio;8.0;0.22;69.85;2020-01-28;n
Chocolate;Doce;2.0;0.15;33.9;2020-11-01;n
Biscoito;Lanche;2.0;0.41;10.71;2019-09-30;n
Feijão;Grãos;6.0;0.48;37.27;2023-10-12;n
Biscoito;Lanche;4.0;0.37;64.3;2023-01-27;n
Condicionador;Higiene;2.0;0.37;51.55;2020-04-11;n
Arroz;Grãos;10.0;0.19;49.26;2020-01-25;n
Feijão;Grãos;8.0;0.16;60.43;2023-11-29;n
Cerveja;Bebida;10.0;0.38;51.19;2019-10-07;n
Leite;Laticínio;9.0;0.31;43.36;2019-03-18;n
Biscoito;Lanche;3.0;0.19;96.71;2020-04-25;n
Molho de Tomate;Condimentos;7.0;0.48;17.9;2022-10-03;n
Queijo;Laticínio;6.0;0.18;50.5;2021-10-14;n
Biscoito;Lanche;5.0;0.44;45.43;2020-09-10;n
Shampoo;Higiene;1.0;0.38;85.17;2022-10-22;n
Pão de Forma;Padaria;8.0;0.41;14.54;2019-06-03;n
Pão de Forma;Padaria;10.0;0.18;81.98;2022-08-28;n
Pão de Forma;Padaria;10.0;0.42;77.56;2019-08-17;n
Papel Higiênico;Higiene;3.0;0.44;26.78;2021-01-27;n
Leite;Laticínio;8.0;0.22;20.64;2023-03-20;n
Pão de Forma;Padaria;6.0;0.0;76.86;2019-08-21;n
Detergente;Limpeza;4.0;0.27;91.81;2023-12-10;n
Biscoito;Lanche;8.0;0.26;20.0;2022-10-26;n
Queijo;Laticínio;6.0;0.38;16.63;2020-02-15;n
Biscoito;Lanche;8.0;0.31;45.93;2021-01-28;n
Água Mineral;Bebida;3.0;0.04;27.68;2023-04-05;n
Papel Higiênico;Higiene;5.0;0.09;46.08;2022-08-18;n
Papel Higiênico;Higiene;7.0;0.42;64.36;2021-02-12;n
Pão de Forma;Padaria;2.0;0.33;42.56;2019-07-14;n
Arroz;Grãos;10.0;0.36;8.34;2021-04-17;n
Detergente;Limpeza;10.0;0.49;29.09;2021-07-10;n
Cerveja;Bebida;8.0;0.25;82.43;2021-08-14;n
Shampoo;Higiene;2.0;0.15;82.53;2019-06-16;n
Sabão em Pó;Limpeza;10.0;0.32;8.03;2023-11-25;n
Água Mineral;Bebida;9.0;0.25;61.69;2022-07-15;n
Queijo;Laticínio;10.0;0.1;69.0;2020-03-18;n
Pão de Forma;Padaria;1.0;0.45;81.27;2019-02-27;n
Biscoito;Lanche;6.0;0.06;29.59;2023-04-26;n
Shampoo;Higiene;5.0;0.19;96.07;2023-02-11;n
Pão de Forma;Padaria;7.0;0.16;14.62;2021-09-13;n
Papel Higiênico;Higiene;1.0;0.09;74.27;2019-06-17;n
Biscoito;Lanche;1.0;0.5;63.7;2021-06-11;n
Sabão em Pó;Limpeza;5.0;0.18;15.28;2022-04-30;n
Condicionador;Higiene;5.0;0.29;72.05;2020-01-18;n
Cerveja;Bebida;9.0;0.43;49.79;2021-04-22;n
Cerveja;Bebida;10.0;0.34;18.12;2019-12-06;n
Queijo;Laticínio;4.0;0.16;70.04;2020-04-29;n
Condicionador;Higiene;10.0;0.1;55.8;2021-11-05;n
Detergente;Limpeza;4.0;0.3;68.64;2023-09-18;n
Refrigerante;Bebida;2.0;0.37;83.94;2021-06-28;n
Sabão em Pó;Limpeza;7.0;0.33;32.02;2022-07-25;n
Sabão em Pó;Limpeza;8.0;0.11;28.16;2019-10-30;n
Sabão em Pó;Limpeza;3.0;0.41;78.51;2023-10-13;n
Detergente;Limpeza;6.0;0.23;54.36;2022-05-26;n
Detergente;Limpeza;5.0;0.23;89.21;2023-07-20;n
Arroz;Grãos;4.0;0.34;12.92;2020-11-22;n
Condicionador;Higiene;9.0;0.01;76.14;2023-08-19;n
Papel Higiênico;Higiene;10.0;0.23;23.2;2023-09-29;n
Pão de Forma;Padaria;6.0;0.01;86.52;2019-03-02;n
Queijo;Laticínio;4.0;0.27;62.02;2022-05-04;n
Condicionador;Higiene;4.0;0.06;86.62;2023-09-24;n
Feijão;Grãos;3.0;0.41;49.73;2022-01-10;n
Leite;Laticínio;9.0;0.19;64.75;2023-08-23;n
Detergente;Limpeza;7.0;0.29;79.27;2019-06-26;n
Pão de Forma;Padaria;9.0;0.14;11.83;2019-05-01;y
Chocolate;Doce;8.0;0.26;69.3;2021-03-18;n
Molho de Tomate;Condimentos;8.0;0.4;60.67;2023-04-28;n
Feijão;Grãos;5.0;0.38;91.87;2022-01-04;n
Pão de Forma;Padaria;7.0;0.35;20.27;2023-10-17;n
Chocolate;Doce;4.0;0.26;22.77;2022-11-25;n
Condicionador;Higiene;7.0;0.47;13.94;2019-05-24;n
Pão de Forma;Padaria;2.0;0.16;21.15;2021-12-19;n
Água Mineral;Bebida;6.0;0.35;91.71;2019-02-20;n
Cerveja;Bebida;3.0;0.3;24.02;2022-07-08;n
Macarrão;Massas;7.0;0.4;89.78;2019-11-04;n
Leite;Laticínio;5.0;0.31;73.31;2021-03-29;n
Papel Higiênico;Higiene;3.0;0.01;18.04;2022-10-17;n
Refrigerante;Bebida;7.0;0.18;31.5;2022-01-02;n
Leite;Laticínio;6.0;0.37;7.91;2022-09-12;n
Condicionador;Higiene;1.0;0.35;59.54;2022-03-23;n
Condicionador;Higiene;3.0;0.4;13.98;2019-01-24;n
Sabão em Pó;Limpeza;7.0;0.47;29.67;2019-10-31;n
Shampoo;Higiene;10.0;0.14;17.93;2021-11-18;n
Chocolate;Doce;1.0;0.07;72.19;2020-04-23;n
Pão de Forma;Padaria;2.0;0.21;30.28;2023-04-14;n
Shampoo;Higiene;4.0;0.05;74.65;2020-06-06;n
Detergente;Limpeza;7.0;0.22;81.29;2021-04-11;n
Chocolate;Doce;10.0;0.47;81.77;2020-05-11;n
Macarrão;Massas;2.0;0.07;38.47;2021-03-28;n
Chocolate;Doce;8.0;0.22;98.04;2020-08-05;n
Chocolate;Doce;8.0;0.05;82.22;2023-10-13;n
Leite;Laticínio;4.0;0.34;63.24;2021-01-15;n
Queijo;Laticínio;7.0;0.38;17.54;2019-09-23;n
Chocolate;Doce;8.0;0.23;97.79;2019-02-04;n
Detergente;Limpeza;1.0;0.29;23.37;2019-07-11;n
Refrigerante;Bebida;10.0;0.27;13.32;2021-04-24;n
Refrigerante;Bebida;3.0;0.2;70.27;2020-11-06;n
Feijão;Grãos;2.0;0.01;97.2;2022-02-11;n
Condicionador;Higiene;7.0;0.4;63.62;2023-12-06;n
Água Mineral;Bebida;1.0;0.09;75.47;2021-07-17;n
Shampoo;Higiene;10.0;0.22;50.13;2019-01-03;n
Água Mineral;Bebida;8.0;0.46;74.86;2023-03-24;n
Feijão;Grãos;3.0;0.0;68.24;2023-01-30;n
Leite;Laticínio;4.0;0.43;63.73;2019-06-22;n
Pão de Forma;Padaria;4.0;0.33;46.46;2022-04-05;n
Refrigerante;Bebida;2.0;0.04;53.52;2019-01-19;n
Queijo;Laticínio;10.0;0.0;58.97;2019-01-20;n
Papel Higiênico;Higiene;8.0;0.19;58.87;2023-09-14;n
Leite;Laticínio;2.0;0.37;56.9;2023-09-23;n
Macarrão;Massas;8.0;0.35;51.18;2023-07-02;n
Queijo;Laticínio;8.0;0.26;54.08;2021-10-05;n
Sabão em Pó;Limpeza;3.0;0.39;17.63;2019-09-18;n
Água Mineral;Bebida;10.0;0.23;83.97;2020-10-29;n
Cerveja;Bebida;6.0;0.15;58.67;2020-10-30;n
Detergente;Limpeza;5.0;0.09;62.69;2021-02-06;n
Arroz;Grãos;9.0;0.37;77.2;2019-10-22;n
Macarrão;Massas;7.0;0.22;63.29;2023-03-23;n
Arroz;Grãos;5.0;0.48;69.71;2019-11-10;n
Chocolate;Doce;6.0;0.25;5.79;2021-07-14;n
Refrigerante;Bebida;2.0;0.1;56.41;2021-05-10;n
Condicionador;Higiene;7.0;0.34;25.15;2022-07-04;n
Detergente;Limpeza;7.0;0.19;38.61;2019-11-02;n
Biscoito;Lanche;9.0;0.25;36.11;2022-07-31;n
Cerveja;Bebida;6.0;0.47;21.57;2021-03-24;n
Detergente;Limpeza;3.0;0.2;19.31;2020-11-01;n
Macarrão;Massas;3.0;0.02;67.37;2021-01-13;n
Pão de Forma;Padaria;2.0;0.36;85.11;2019-06-26;n
Chocolate;Doce;8.0;0.32;91.93;2020-02-12;n
Refrigerante;Bebida;9.0;0.09;45.79;2020-08-28;n
Chocolate;Doce;9.0;0.46;49.71;2021-09-09;n
Pão de Forma;Padaria;8.0;0.19;90.97;2023-01-29;n
Água Mineral;Bebida;1.0;0.12;79.64;2021-12-26;n
Feijão;Grãos;5.0;0.01;28.3;2021-01-28;n
Biscoito;Lanche;6.0;0.48;86.8;2019-03-25;n
Cerveja;Bebida;3.0;0.2;88.8;2019-08-20;n
Papel Higiênico;Higiene;6.0;0.41;90.85;2022-01-08;n
Biscoito;Lanche;3.0;0.03;65.61;2022-01-31;n
Shampoo;Higiene;8.0;0.35;76.46;2020-09-21;n
Feijão;Grãos;5.0;0.22;19.32;2023-01-21;n
Arroz;Grãos;4.0;0.48;45.86;2021-09-11;n
Arroz;Grãos;4.0;0.2;27.21;2023-12-05;n
Refrigerante;Bebida;4.0;0.28;36.05;2021-01-25;n
Chocolate;Doce;7.0;0.28;13.27;2022-07-11;n
Chocolate;Doce;5.0;0.49;89.06;2023-01-17;n
Feijão;Grãos;7.0;0.38;72.62;2019-01-29;n
Papel Higiênico;Higiene;10.0;0.09;56.2;2021-04-19;n
Shampoo;Higiene;1.0;0.49;73.86;2023-12-29;n
Condicionador;Higiene;1.0;0.01;42.86;2022-08-06;n
Biscoito;Lanche;7.0;0.24;59.68;2019-01-11;n
Biscoito;Lanche;4.0;0.28;19.99;2021-08-03;n
Queijo;Laticínio;8.0;0.12;50.27;2019-10-01;n
Água Mineral;Bebida;6.0;0.38;56.2;2019-06-15;n
Detergente;Limpeza;1.0;0.25;74.61;2021-03-02;n
Molho de Tomate;Condimentos;9.0;0.12;50.49;2022-09-18;n
Papel Higiênico;Higiene;9.0;0.5;56.84;2020-10-15;n
Queijo;Laticínio;5.0;0.46;10.14;2021-08-08;n
Leite;Laticínio;2.0;0.19;30.02;2019-12-06;n
Shampoo;Higiene;2.0;0.42;88.91;2021-03-03;n
Sabão em Pó;Limpeza;8.0;0.03;99.11;2020-05-23;n
Pão de Forma;Padaria;9.0;0.22;17.66;2022-11-25;n
Biscoito;Lanche;7.0;0.43;77.89;2023-09-09;n
Chocolate;Doce;4.0;0.34;78.16;2020-08-16;n
Refrigerante;Bebida;5.0;0.3;93.05;2021-05-14;n
Leite;Laticínio;7.0;0.24;83.2;2019-07-03;n
Cerveja;Bebida;9.0;0.49;5.49;2021-11-14;n
Sabão em Pó;Limpeza;6.0;0.46;36.59;2020-08-12;n
Condicionador;Higiene;4.0;0.06;55.22;2023-09-05;n
Detergente;Limpeza;6.0;0.09;30.96;2023-01-07;n
Detergente;Limpeza;8.0;0.44;96.6;2019-06-23;n
Shampoo;Higiene;10.0;0.23;32.92;2019-09-28;n
Água Mineral;Bebida;5.0;0.46;62.74;2020-07-31;n
Papel Higiênico;Higiene;5.0;0.49;60.95;2019-06-08;n
Papel Higiênico;Higiene;3.0;0.29;36.14;2019-09-05;n
Biscoito;Lanche;4.0;0.3;51.53;2020-12-22;n
Refrigerante;Bebida;9.0;0.06;12.06;2020-10-06;n
Refrigerante;Bebida;3.0;0.24;29.1;2023-07-28;n
Refrigerante;Bebida;4.0;0.21;24.99;2023-12-11;n
Água Mineral;Bebida;8.0;0.12;76.48;2023-01-29;n
Condicionador;Higiene;3.0;0.25;68.67;2022-08-31;n
Chocolate;Doce;10.0;0.11;99.25;2022-06-25;n
Feijão;Grãos;8.0;0.04;38.99;2019-10-09;n
Papel Higiênico;Higiene;9.0;0.01;45.26;2019-05-02;n
Sabão em Pó;Limpeza;7.0;0.24;71.17;2021-11-12;n
Shampoo;Higiene;10.0;0.1;85.55;2021-09-22;n
Biscoito;Lanche;8.0;0.34;99.7;2023-11-23;n
Condicionador;Higiene;8.0;0.01;19.05;2023-02-17;n
Detergente;Limpeza;5.0;0.15;20.86;2022-06-22;n
Feijão;Grãos;3.0;0.09;58.33;2022-02-21;n
Condicionador;Higiene;8.0;0.13;71.2;2020-06-20;n
Arroz;Grãos;4.0;0.47;28.33;2023-10-13;n
Queijo;Laticínio;10.0;0.04;86.56;2022-05-18;n
Arroz;Grãos;2.0;0.27;47.45;2020-08-14;n
Água Mineral;Bebida;9.0;0.38;87.96;2020-03-09;n
Detergente;Limpeza;4.0;0.21;90.91;2020-09-25;n
Shampoo;Higiene;3.0;0.26;65.13;2022-07-22;n
Refrigerante;Bebida;4.0;0.18;39.93;2020-04-13;n
Água Mineral;Bebida;10.0;0.03;68.96;2021-08-15;n
Sabão em Pó;Limpeza;2.0;0.44;97.1;2022-08-07;n
Pão de Forma;Padaria;10.0;0.26;8.96;2022-11-22;n
Shampoo;Higiene;10.0;0.42;16.91;2023-08-11;n
Macarrão;Massas;8.0;0.3;62.57;2020-07-23;n
Feijão;Grãos;10.0;0.06;48.7;2021-01-28;n
Condicionador;Higiene;4.0;0.42;99.49;2020-11-22;n
Biscoito;Lanche;5.0;0.42;57.0;2023-12-29;n
Macarrão;Massas;10.0;0.16;46.86;2023-03-10;n
Cerveja;Bebida;3.0;0.02;86.77;2022-12-23;n
Sabão em Pó;Limpeza;6.0;0.32;89.61;2023-05-08;n
Cerveja;Bebida;5.0;0.28;38.77;2019-08-23;n
Macarrão;Massas;7.0;0.22;34.79;2020-01-29;n
Chocolate;Doce;5.0;0.13;72.85;2019-08-07;n
Queijo;Laticínio;8.0;0.14;76.39;2023-04-10;n
Molho de Tomate;Condimentos;1.0;0.34;36.79;2022-02-02;n
Queijo;Laticínio;10.0;0.21;99.34;2022-06-06;n
Sabão em Pó;Limpeza;10.0;0.38;8.8;2021-08-06;n
Biscoito;Lanche;5.0;0.43;51.4;2023-02-18;n
Cerveja;Bebida;9.0;0.25;19.58;2022-01-04;n
Papel Higiênico;Higiene;4.0;0.2;79.36;2020-12-18;n
Macarrão;Massas;3.0;0.07;60.74;2020-07-29;n
Queijo;Laticínio;10.0;0.3;86.94;2020-04-09;n
Leite;Laticínio;10.0;0.02;30.91;2020-03-01;n
Condicionador;Higiene;10.0;0.11;8.95;2020-12-27;n
Arroz;Grãos;6.0;0.07;25.06;2019-02-18;n
Queijo;Laticínio;10.0;0.13;37.08;2019-10-01;n
Papel Higiênico;Higiene;8.0;0.44;98.78;2023-08-01;n
Feijão;Grãos;10.0;0.23;41.21;2019-02-19;n
Biscoito;Lanche;8.0;0.15;85.66;2023-11-21;n
Molho de Tomate;Condimentos;4.0;0.11;64.62;2020-02-14;n
Molho de Tomate;Condimentos;7.0;0.14;56.68;2019-03-01;n
Shampoo;Higiene;10.0;0.36;41.18;2019-04-09;n
Arroz;Grãos;3.0;0.38;83.86;2021-01-14;n
Macarrão;Massas;8.0;0.34;73.91;2019-09-13;n
Condicionador;Higiene;9.0;0.48;14.86;2019-11-11;n
Refrigerante;Bebida;7.0;0.0;96.05;2020-05-27;n
Biscoito;Lanche;3.0;0.39;23.52;2019-10-05;n
Papel Higiênico;Higiene;1.0;0.09;87.8;2023-04-22;n
Detergente;Limpeza;1.0;0.17;29.6;2019-09-13;n
Feijão;Grãos;5.0;0.47;78.05;2022-08-30;n
Molho de Tomate;Condimentos;4.0;0.2;31.25;2023-02-13;n
Cerveja;Bebida;2.0;0.18;16.55;2023-02-01;n
Chocolate;Doce;10.0;0.1;69.87;2022-07-26;n
Papel Higiênico;Higiene;3.0;0.07;22.03;2023-04-14;n
Molho de Tomate;Condimentos;5.0;0.36;93.21;2020-05-11;n
Cerveja;Bebida;5.0;0.14;45.7;2022-10-05;n
Feijão;Grãos;6.0;0.44;14.38;2019-06-05;n
Molho de Tomate;Condimentos;6.0;0.08;58.79;2019-01-23;n
Sabão em Pó;Limpeza;2.0;0.33;57.97;2023-07-20;n
Chocolate;Doce;3.0;0.18;47.92;2019-09-14;n
Papel Higiênico;Higiene;7.0;0.45;21.25;2019-12-04;n
Água Mineral;Bebida;8.0;0.39;95.21;2020-03-08;n
Molho de Tomate;Condimentos;1.0;0.39;34.47;2019-03-15;n
Pão de Forma;Padaria;8.0;0.31;15.26;2021-01-16;n
Refrigerante;Bebida;9.0;0.04;6.55;2020-03-14;n
Papel Higiênico;Higiene;3.0;0.25;96.15;2020-07-09;n
Feijão;Grãos;6.0;0.43;49.48;2020-09-03;n
Leite;Laticínio;6.0;0.47;21.3;2022-05-13;n
Feijão;Grãos;4.0;0.37;92.06;2023-12-13;n
Cerveja;Bebida;5.0;0.08;10.71;2020-04-02;n
Cerveja;Bebida;8.0;0.44;15.25;2019-01-09;n
Refrigerante;Bebida;8.0;0.32;70.74;2021-09-26;n
Leite;Laticínio;8.0;0.28;54.06;2023-09-09;n
Shampoo;Higiene;4.0;0.35;80.27;2020-09-25;n
Leite;Laticínio;8.0;0.11;38.97;2021-11-16;n
Água Mineral;Bebida;3.0;0.47;75.38;2020-04-26;n
Detergente;Limpeza;10.0;0.35;28.83;2020-03-28;n
Queijo;Laticínio;9.0;0.07;58.91;2023-03-09;n
Detergente;Limpeza;6.0;0.05;39.72;2019-05-24;n
Arroz;Grãos;9.0;0.48;36.72;2022-10-27;n
Shampoo;Higiene;10.0;0.49;20.8;2020-09-25;n
Refrigerante;Bebida;2.0;0.27;88.81;2023-09-09;n
Queijo;Laticínio;10.0;0.43;29.36;2023-05-02;n
Água Mineral;Bebida;1.0;0.45;23.36;2021-01-05;n
Cerveja;Bebida;7.0;0.13;57.3;2021-02-03;n
Shampoo;Higiene;4.0;0.47;83.86;2022-11-23;n
Detergente;Limpeza;9.0;0.29;10.23;2022-03-21;n
Pão de Forma;Padaria;7.0;0.06;76.95;2020-05-23;n
Biscoito;Lanche;3.0;0.35;97.67;2019-06-17;n
Água Mineral;Bebida;1.0;0.1;68.64;2023-10-27;n
Queijo;Laticínio;10.0;0.32;70.8;2019-07-01;n
Feijão;Grãos;5.0;0.37;80.2;2019-06-21;n
Refrigerante;Bebida;7.0;0.16;55.51;2023-11-04;n
Condicionador;Higiene;8.0;0.01;52.83;2019-01-01;y
Pão de Forma;Padaria;3.0;0.29;25.63;2022-11-04;n
Macarrão;Massas;4.0;0.36;54.6;2019-01-30;n
Macarrão;Massas;8.0;0.24;46.34;2023-07-09;n
Condicionador;Higiene;10.0;0.02;7.75;2019-09-28;n
Refrigerante;Bebida;6.0;0.09;5.91;2020-09-12;n
Detergente;Limpeza;7.0;0.15;64.31;2022-02-17;n
Papel Higiênico;Higiene;8.0;0.47;74.17;2020-05-10;n
Pão de Forma;Padaria;2.0;0.03;22.9;2019-02-17;n
Biscoito;Lanche;1.0;0.19;14.47;2021-11-04;n